0,0,0,0,0,0,0,0,0,0,0,0,0,0,0,0,0,0,0,0,0,0,0,0,0,0,0,0,0,0,0,0,0,0,0,0,0,0,0,0,0,0,0,0,0,0,0,0,0,0,0,0,0,0,0,0,0,0,0,0,0,0,0,0,0,0,0,0,0,0,0,0,0,0,0,0,0,0,0,0,0,0,1,46,0
0,0,0,0,0,0,0,0,0,0,0,0,0,0,0,0,0,0,0,0,0,0,0,0,0,0,0,0,0,0,0,0,1,0,0,0,0,0,0,0,0,0,0,0,0,0,0,0,0,0,0,0,0,0,0,0,0,0,0,0,0,0,0,0,0,0,0,0,0,0,0,0,0,0,0,0,0,0,0,0,0,0,2,64,0
0,0,0,0,0,0,0,0,0,0,0,0,0,0,0,0,0,0,0,0,0,0,0,0,0,0,0,0,0,0,0,0,1,0,0,0,0,0,0,0,0,0,0,0,0,0,0,0,2,0,0,0,0,0,0,0,0,0,0,0,0,0,0,0,0,0,0,0,0,0,0,0,0,0,0,0,0,0,0,0,0,0,1,65,0
0,0,0,0,0,0,0,0,0,0,0,0,0,0,0,0,0,0,0,0,0,0,0,0,0,0,0,0,0,0,0,0,1,0,0,0,0,0,0,0,0,0,0,0,0,0,0,0,2,1,0,0,0,0,0,0,0,0,0,0,0,0,0,0,0,0,0,0,0,0,0,0,0,0,0,0,0,0,0,0,0,0,2,75,0
0,0,0,0,0,0,0,0,0,0,0,0,0,0,0,0,0,0,0,0,0,0,0,0,0,0,0,0,0,0,0,0,1,0,0,0,0,0,0,0,0,0,0,0,0,0,0,0,2,1,0,0,0,0,0,0,0,0,2,0,0,0,0,0,0,0,0,0,0,0,0,0,0,0,0,0,0,0,0,0,0,0,1,76,0
0,0,0,0,0,0,0,0,0,0,0,0,0,0,0,0,0,0,0,0,0,0,0,0,0,0,0,0,0,0,0,0,1,0,0,0,0,0,0,0,0,0,0,0,0,0,0,0,2,1,0,0,0,0,0,0,0,0,2,1,0,0,0,0,0,0,0,0,0,0,0,0,0,0,0,0,0,0,0,0,0,0,2,74,0
0,0,0,0,0,0,0,0,0,0,0,0,0,0,0,0,0,0,0,0,0,0,0,0,0,0,0,0,0,0,0,0,1,0,0,0,0,0,0,0,0,0,0,0,0,0,0,0,2,1,0,0,0,0,0,0,0,2,2,1,0,0,0,0,0,0,0,0,0,0,0,0,0,0,0,0,0,0,0,0,0,0,1,55,0
0,0,0,0,0,0,0,0,0,0,0,0,0,0,0,0,0,0,0,0,0,0,0,0,0,0,0,0,0,0,0,0,1,0,0,0,0,0,0,0,1,0,0,0,0,0,0,0,2,1,0,0,0,0,0,0,0,2,2,1,0,0,0,0,0,0,0,0,0,0,0,0,0,0,0,0,0,0,0,0,0,0,2,43,0
0,0,0,0,0,0,0,0,0,0,0,0,0,0,0,0,0,0,0,0,0,0,0,0,0,0,0,0,0,2,0,0,1,0,0,0,0,0,0,0,1,0,0,0,0,0,0,0,2,1,0,0,0,0,0,0,0,2,2,1,0,0,0,0,0,0,0,0,0,0,0,0,0,0,0,0,0,0,0,0,0,0,1,86,0
0,0,0,0,0,0,0,0,0,0,0,0,0,0,0,0,0,0,0,0,0,0,0,0,0,0,0,0,0,2,0,0,1,0,0,0,0,0,0,0,1,0,0,0,0,0,0,0,2,1,0,0,0,0,0,0,0,2,2,1,0,0,0,0,0,0,0,0,1,0,0,0,0,0,0,0,0,0,0,0,0,0,2,37,0
0,0,0,0,0,0,0,0,0,0,0,0,0,0,0,0,0,0,0,0,0,0,0,0,2,0,0,0,0,2,0,0,1,0,0,0,0,0,0,0,1,0,0,0,0,0,0,0,2,1,0,0,0,0,0,0,0,2,2,1,0,0,0,0,0,0,0,0,1,0,0,0,0,0,0,0,0,0,0,0,0,0,1,36,0
0,0,0,0,0,0,0,0,0,0,0,0,0,0,0,0,0,0,0,0,0,0,0,1,2,0,0,0,0,2,0,0,1,0,0,0,0,0,0,0,1,0,0,0,0,0,0,0,2,1,0,0,0,0,0,0,0,2,2,1,0,0,0,0,0,0,0,0,1,0,0,0,0,0,0,0,0,0,0,0,0,0,2,48,0
0,0,0,0,0,0,0,0,0,0,0,0,0,0,0,0,0,0,0,0,0,0,0,1,2,0,0,0,0,2,0,0,1,0,2,0,0,0,0,0,1,0,0,0,0,0,0,0,2,1,0,0,0,0,0,0,0,2,2,1,0,0,0,0,0,0,0,0,1,0,0,0,0,0,0,0,0,0,0,0,0,0,1,68,0
0,0,0,0,0,0,0,0,0,0,0,0,0,0,0,0,0,0,0,0,0,0,0,1,2,0,0,0,0,2,0,0,1,0,2,0,0,0,0,0,1,0,0,0,0,0,0,0,2,1,0,0,1,0,0,0,0,2,2,1,0,0,0,0,0,0,0,0,1,0,0,0,0,0,0,0,0,0,0,0,0,0,2,67,0
0,0,0,0,0,0,0,0,0,0,0,0,0,0,0,0,0,0,0,0,0,0,0,1,2,0,0,0,0,2,0,0,1,0,2,0,0,0,0,0,1,0,0,0,0,0,0,0,2,1,0,2,1,0,0,0,0,2,2,1,0,0,0,0,0,0,0,0,1,0,0,0,0,0,0,0,0,0,0,0,0,0,1,58,0
0,0,0,0,0,0,0,0,0,0,0,0,0,0,0,0,0,0,0,0,0,0,0,1,2,0,0,0,0,2,0,0,1,0,2,0,0,0,0,0,1,0,0,1,0,0,0,0,2,1,0,2,1,0,0,0,0,2,2,1,0,0,0,0,0,0,0,0,1,0,0,0,0,0,0,0,0,0,0,0,0,0,2,26,0
0,0,0,0,0,0,0,0,0,0,0,0,0,0,2,0,0,0,0,0,0,0,0,1,2,0,0,0,0,2,0,0,1,0,2,0,0,0,0,0,1,0,0,1,0,0,0,0,2,1,0,2,1,0,0,0,0,2,2,1,0,0,0,0,0,0,0,0,1,0,0,0,0,0,0,0,0,0,0,0,0,0,1,25,0
0,0,0,0,0,0,0,0,0,0,0,0,0,1,2,0,0,0,0,0,0,0,0,1,2,0,0,0,0,2,0,0,1,0,2,0,0,0,0,0,1,0,0,1,0,0,0,0,2,1,0,2,1,0,0,0,0,2,2,1,0,0,0,0,0,0,0,0,1,0,0,0,0,0,0,0,0,0,0,0,0,0,2,27,0
0,0,0,0,0,0,0,0,0,0,0,0,0,1,2,2,0,0,0,0,0,0,0,1,2,0,0,0,0,2,0,0,1,0,2,0,0,0,0,0,1,0,0,1,0,0,0,0,2,1,0,2,1,0,0,0,0,2,2,1,0,0,0,0,0,0,0,0,1,0,0,0,0,0,0,0,0,0,0,0,0,0,1,47,0
0,0,0,0,0,0,0,0,0,0,0,0,0,1,2,2,0,0,0,0,0,0,0,1,2,0,0,0,0,2,0,0,1,1,2,0,0,0,0,0,1,0,0,1,0,0,0,0,2,1,0,2,1,0,0,0,0,2,2,1,0,0,0,0,0,0,0,0,1,0,0,0,0,0,0,0,0,0,0,0,0,0,2,39,0
0,0,0,0,0,0,0,0,0,0,0,0,0,1,2,2,0,0,0,0,0,0,0,1,2,0,2,0,0,2,0,0,1,1,2,0,0,0,0,0,1,0,0,1,0,0,0,0,2,1,0,2,1,0,0,0,0,2,2,1,0,0,0,0,0,0,0,0,1,0,0,0,0,0,0,0,0,0,0,0,0,0,1,18,0
0,0,0,0,0,0,0,1,0,0,0,0,0,1,2,2,0,0,0,0,0,0,0,1,2,0,2,0,0,2,0,0,1,1,2,0,0,0,0,0,1,0,0,1,0,0,0,0,2,1,0,2,1,0,0,0,0,2,2,1,0,0,0,0,0,0,0,0,1,0,0,0,0,0,0,0,0,0,0,0,0,0,2,57,0
0,0,0,0,0,0,0,1,0,0,0,0,0,1,2,2,0,0,0,0,0,0,0,1,2,0,2,0,0,2,0,0,1,1,2,0,0,0,0,0,1,0,2,1,0,0,0,0,2,1,0,2,1,0,0,0,0,2,2,1,0,0,0,0,0,0,0,0,1,0,0,0,0,0,0,0,0,0,0,0,0,0,1,78,0
0,0,0,0,0,0,0,1,0,0,0,0,0,1,2,2,0,0,0,0,0,0,0,1,2,0,2,0,0,2,0,0,1,1,2,0,0,0,0,0,1,0,2,1,0,0,0,0,2,1,0,2,1,0,0,0,0,2,2,1,0,1,0,0,0,0,0,0,1,0,0,0,0,0,0,0,0,0,0,0,0,0,2,28,0
0,0,0,0,0,0,0,1,0,0,0,0,0,1,2,2,2,0,0,0,0,0,0,1,2,0,2,0,0,2,0,0,1,1,2,0,0,0,0,0,1,0,2,1,0,0,0,0,2,1,0,2,1,0,0,0,0,2,2,1,0,1,0,0,0,0,0,0,1,0,0,0,0,0,0,0,0,0,0,0,0,0,1,59,0
0,0,0,0,0,0,0,1,0,0,0,0,0,1,2,2,2,0,0,0,0,0,0,1,2,0,2,0,0,2,0,0,1,1,2,0,0,0,0,0,1,0,2,1,1,0,0,0,2,1,0,2,1,0,0,0,0,2,2,1,0,1,0,0,0,0,0,0,1,0,0,0,0,0,0,0,0,0,0,0,0,0,2,19,0
0,0,0,0,0,0,0,1,2,0,0,0,0,1,2,2,2,0,0,0,0,0,0,1,2,0,2,0,0,2,0,0,1,1,2,0,0,0,0,0,1,0,2,1,1,0,0,0,2,1,0,2,1,0,0,0,0,2,2,1,0,1,0,0,0,0,0,0,1,0,0,0,0,0,0,0,0,0,0,0,0,0,1,49,0
0,0,0,0,0,0,0,1,2,0,0,0,0,1,2,2,2,0,0,0,0,0,0,1,2,0,2,0,0,2,0,0,1,1,2,1,0,0,0,0,1,0,2,1,1,0,0,0,2,1,0,2,1,0,0,0,0,2,2,1,0,1,0,0,0,0,0,0,1,0,0,0,0,0,0,0,0,0,0,0,0,0,2,17,0
0,0,0,0,0,0,2,0,2,0,0,0,0,1,2,2,2,0,0,0,0,0,0,1,2,0,2,0,0,2,0,0,1,1,2,1,0,0,0,0,1,0,2,1,1,0,0,0,2,1,0,2,1,0,0,0,0,2,2,1,0,1,0,0,0,0,0,0,1,0,0,0,0,0,0,0,0,0,0,0,0,0,1,33,0
0,0,0,0,0,0,2,0,2,0,0,0,0,1,2,2,2,0,0,0,1,0,0,1,2,0,2,0,0,2,0,0,1,1,2,1,0,0,0,0,1,0,2,1,1,0,0,0,2,1,0,2,1,0,0,0,0,2,2,1,0,1,0,0,0,0,0,0,1,0,0,0,0,0,0,0,0,0,0,0,0,0,2,44,0
0,0,0,0,0,0,2,0,2,0,0,0,0,1,2,2,2,0,0,0,1,0,0,1,2,0,2,0,0,2,2,0,1,1,2,1,0,0,0,0,1,0,2,1,1,0,0,0,2,1,0,2,1,0,0,0,0,2,2,1,0,1,0,0,0,0,0,0,1,0,0,0,0,0,0,0,0,0,0,0,0,0,1,34,0
0,0,0,0,0,0,2,0,2,0,0,0,0,1,2,2,2,0,0,0,1,1,0,1,2,0,2,0,0,2,2,0,1,1,2,1,0,0,0,0,1,0,2,1,1,0,0,0,2,1,0,2,1,0,0,0,0,2,2,1,0,1,0,0,0,0,0,0,1,0,0,0,0,0,0,0,0,0,0,0,0,0,2,38,0
0,0,0,0,0,0,2,0,2,0,0,0,0,1,2,2,2,0,0,0,1,1,0,1,2,2,2,0,0,2,2,0,1,1,2,1,0,0,0,0,1,0,2,1,1,0,0,0,2,1,0,2,1,0,0,0,0,2,2,1,0,1,0,0,0,0,0,0,1,0,0,0,0,0,0,0,0,0,0,0,0,0,1,83,0
0,0,0,0,0,0,2,0,2,0,0,0,0,1,2,2,2,0,0,0,1,1,0,1,2,2,2,0,0,2,2,0,1,1,2,1,0,0,0,0,1,0,2,1,1,0,0,0,2,1,0,2,1,0,0,0,0,2,2,1,0,1,0,0,0,1,0,0,1,0,0,0,0,0,0,0,0,0,0,0,0,0,2,94,0
0,0,0,0,0,0,2,0,2,0,0,0,0,1,2,2,2,0,0,0,1,1,0,1,2,2,2,0,0,2,2,0,1,1,2,1,0,0,0,0,1,0,2,1,1,0,0,0,2,1,0,2,1,0,0,0,0,2,2,1,0,1,0,0,0,1,0,0,1,0,0,0,0,0,0,2,0,0,0,0,0,0,1,62,0
0,0,0,0,0,0,2,0,2,0,0,0,0,1,2,2,2,0,0,0,1,1,0,1,2,2,2,0,0,2,2,0,1,1,2,1,0,0,0,0,1,0,2,1,1,0,1,0,2,1,0,2,1,0,0,0,0,2,2,1,0,1,0,0,0,1,0,0,1,0,0,0,0,0,0,2,0,0,0,0,0,0,2,52,0
0,0,0,0,0,0,2,0,2,0,0,0,0,1,2,2,2,0,0,0,1,1,0,1,2,2,2,0,0,2,2,0,1,1,2,1,0,2,0,0,1,0,2,1,1,0,1,0,2,1,0,2,1,0,0,0,0,2,2,1,0,1,0,0,0,1,0,0,1,0,0,0,0,0,0,2,0,0,0,0,0,0,1,63,0
0,0,0,0,0,0,2,0,2,0,0,0,0,1,2,2,2,0,0,0,1,1,0,1,2,2,2,0,0,2,2,0,1,1,2,1,0,2,0,0,1,0,2,1,1,0,1,1,2,1,0,2,1,0,0,0,0,2,2,1,0,1,0,0,0,1,0,0,1,0,0,0,0,0,0,2,0,0,0,0,0,0,2,54,0
0,0,0,0,0,0,2,0,2,0,0,0,0,1,2,2,2,0,0,0,1,1,0,1,2,2,2,0,0,2,2,0,1,1,2,1,0,2,0,2,1,0,2,1,1,0,1,1,2,1,0,2,1,0,0,0,0,2,2,1,0,1,0,0,0,1,0,0,1,0,0,0,0,0,0,2,0,0,0,0,0,0,1,32,0
0,0,0,0,0,0,2,0,2,0,0,0,0,1,2,2,2,0,0,1,1,1,0,1,2,2,2,0,0,2,2,0,1,1,2,1,0,2,0,2,1,0,2,1,1,0,1,1,2,1,0,2,1,0,0,0,0,2,2,1,0,1,0,0,0,1,0,0,1,0,0,0,0,0,0,2,0,0,0,0,0,0,2,73,0
0,0,0,0,0,0,2,0,2,0,0,0,0,1,2,2,2,0,0,1,1,1,0,1,2,2,2,0,0,2,2,0,1,1,2,1,0,2,0,2,1,0,2,1,1,0,1,1,2,1,0,2,1,0,0,0,2,2,2,1,0,1,0,0,0,1,0,0,1,0,0,0,0,0,0,2,0,0,0,0,0,0,1,72,0
0,0,0,0,0,0,2,0,2,0,0,0,0,1,2,2,2,0,0,1,1,1,0,1,2,2,2,0,0,2,2,0,1,1,2,1,0,2,0,2,1,0,2,1,1,0,1,1,2,1,0,2,1,0,0,1,2,2,2,1,0,1,0,0,0,1,0,0,1,0,0,0,0,0,0,2,0,0,0,0,0,0,2,82,0
0,0,0,0,0,0,2,0,2,0,0,0,0,1,2,2,2,0,0,1,1,1,0,1,2,2,2,0,0,2,2,0,1,1,2,1,0,2,0,2,1,0,2,1,1,0,1,1,2,1,0,2,1,0,0,1,2,2,2,1,0,1,0,0,2,1,0,0,1,0,0,0,0,0,0,2,0,0,0,0,0,0,1,92,0
0,0,0,0,0,0,2,0,2,0,0,0,0,1,2,2,2,0,0,1,1,1,0,1,2,2,2,0,0,2,2,0,1,1,2,1,0,2,0,2,1,0,2,1,1,0,1,1,2,1,0,2,1,0,0,1,2,2,2,1,0,1,0,0,2,1,0,0,1,0,0,0,0,0,0,2,0,0,0,0,0,0,2,81,0
0,0,0,0,0,0,2,0,2,0,0,0,0,1,2,2,2,0,0,1,1,1,0,1,2,2,2,0,0,2,2,0,1,1,2,1,0,2,0,2,1,0,2,1,1,0,1,1,2,1,0,2,1,0,0,1,2,2,2,1,0,1,0,0,2,1,0,0,1,0,0,0,0,0,0,2,0,0,0,0,0,0,1,71,0
0,0,0,0,0,0,2,0,2,0,0,0,0,1,2,2,2,0,0,1,1,1,0,1,2,2,2,0,0,2,2,0,1,1,2,1,0,2,0,2,1,0,2,1,1,0,1,1,2,1,0,2,1,0,1,1,2,2,2,1,0,1,0,0,2,1,0,0,1,0,0,0,0,0,0,2,0,0,0,0,0,0,2,53,0
0,0,0,0,0,0,2,0,2,0,0,0,0,1,2,2,2,0,0,1,1,1,0,1,2,2,2,0,0,2,2,0,1,1,2,1,0,2,2,2,1,0,2,1,1,0,1,1,2,1,0,2,1,0,1,1,2,2,2,1,0,1,0,0,2,1,0,0,1,0,0,0,0,0,0,2,0,0,0,0,0,0,1,91,0
0,0,0,0,0,0,2,0,2,0,0,0,0,1,2,2,2,0,0,1,1,1,0,1,2,2,2,0,0,2,2,0,1,1,2,1,0,2,2,2,1,0,2,1,1,0,1,1,2,1,0,2,1,0,1,1,2,2,2,1,0,1,0,0,2,1,0,0,1,0,0,0,1,0,0,2,0,0,0,0,0,0,2,84,0
0,0,0,0,0,0,2,0,2,0,0,0,0,1,2,2,2,0,0,1,1,1,0,1,2,2,2,0,0,2,2,0,1,1,2,1,0,2,2,2,1,0,2,1,1,0,1,1,2,1,0,2,1,0,1,1,2,2,2,1,0,1,0,0,2,1,2,0,1,0,0,0,1,0,0,2,0,0,0,0,0,0,1,51,0
0,0,0,0,0,0,2,0,2,0,0,0,0,1,2,2,2,0,0,1,1,1,0,1,2,2,2,0,0,2,2,0,1,1,2,1,1,2,2,2,1,0,2,1,1,0,1,1,2,1,0,2,1,0,1,1,2,2,2,1,0,1,0,0,2,1,2,0,1,0,0,0,1,0,0,2,0,0,0,0,0,0,2,41,0
0,0,0,0,0,0,2,0,2,0,0,0,0,1,2,2,2,0,0,1,1,1,0,1,2,2,2,2,0,2,2,0,1,1,2,1,1,2,2,2,1,0,2,1,1,0,1,1,2,1,0,2,1,0,1,1,2,2,2,1,0,1,0,0,2,1,2,0,1,0,0,0,1,0,0,2,0,0,0,0,0,0,1,42,0
0,0,0,0,0,0,2,0,2,0,0,0,0,1,2,2,2,0,0,1,1,1,0,1,2,2,2,2,1,2,2,0,1,1,2,1,1,2,2,2,1,0,2,1,1,0,1,1,2,1,0,2,1,0,1,1,2,2,2,1,0,1,0,0,2,1,2,0,1,0,0,0,1,0,0,2,0,0,0,0,0,0,2,61,0
0,0,0,0,0,0,2,0,2,0,0,0,0,1,2,2,2,0,0,1,1,1,0,1,2,2,2,2,1,2,2,0,1,1,2,1,0,2,2,2,1,0,2,1,1,2,1,1,2,1,0,2,1,0,1,1,2,2,2,1,0,1,0,0,2,1,2,0,1,0,0,0,1,0,0,2,0,0,0,0,0,0,1,31,0
0,0,0,0,0,0,2,0,2,0,0,0,0,1,2,2,2,0,1,1,1,1,0,1,2,2,2,2,1,2,2,0,1,1,2,1,0,2,2,2,1,0,2,1,1,2,1,1,2,1,0,2,1,0,1,1,2,2,2,1,0,1,0,0,2,1,2,0,1,0,0,0,1,0,0,2,0,0,0,0,0,0,2,51,0
0,0,0,0,0,0,2,0,2,0,0,0,0,1,2,2,2,0,1,1,1,1,0,1,2,2,2,2,1,2,2,0,1,1,2,1,2,2,2,2,1,0,2,1,1,2,1,1,2,1,0,2,1,0,1,1,2,2,2,1,0,1,0,0,2,1,2,0,1,0,0,0,1,0,0,2,0,0,0,0,0,0,1,45,0
0,0,0,0,0,0,2,0,2,0,0,0,0,1,2,2,2,0,1,1,1,1,0,1,2,2,2,2,1,2,2,1,1,1,2,1,2,2,2,2,1,0,2,1,1,2,1,1,2,1,0,2,1,0,1,1,2,2,2,1,0,1,0,0,2,1,2,0,1,0,0,0,1,0,0,2,0,0,0,0,0,0,2,93,0
0,0,0,0,0,0,2,0,2,0,0,0,0,1,2,2,2,0,1,1,1,1,0,1,2,2,2,2,1,2,2,1,1,1,2,1,2,2,2,2,1,0,2,1,1,2,1,1,2,1,0,2,1,0,1,1,2,2,2,1,0,1,0,0,2,0,2,0,1,0,0,0,1,0,2,2,0,0,0,0,0,0,1,95,0
0,0,0,0,0,0,2,0,2,0,0,0,0,1,2,2,2,0,1,1,1,1,0,1,2,2,2,2,1,2,2,1,1,1,2,1,2,2,2,2,1,0,2,1,1,2,1,1,2,1,0,2,1,0,1,1,2,2,2,1,0,1,0,0,2,0,2,0,1,0,0,0,1,0,2,2,1,0,0,0,0,0,2,82,0
0,0,0,0,0,0,2,0,2,0,0,0,0,1,2,2,2,0,1,1,1,1,0,1,2,2,2,2,1,2,2,1,1,1,2,1,2,2,2,2,1,0,2,1,1,2,1,1,2,1,0,2,1,0,1,1,2,2,2,1,0,1,0,0,2,0,2,0,1,0,0,0,1,0,2,2,1,0,0,0,0,0,1,15,0
0,0,0,0,1,0,2,0,2,0,0,0,0,1,2,2,2,0,1,1,1,1,0,1,2,2,2,2,1,2,2,1,1,1,2,1,2,2,2,2,1,0,2,1,1,2,1,1,2,1,0,2,1,0,1,1,2,2,2,1,0,1,0,0,2,0,2,0,1,0,0,0,1,0,2,2,1,0,0,0,0,0,2,16,0
0,0,0,0,1,2,2,0,2,0,0,0,0,1,2,2,2,0,1,1,1,1,0,1,2,2,2,2,1,2,2,1,1,1,2,1,2,2,2,2,1,0,2,1,1,2,1,1,2,1,0,2,1,0,1,1,2,2,2,1,0,1,0,0,2,0,2,0,1,0,0,0,1,0,2,2,1,0,0,0,0,0,1,85,0
0,0,0,0,1,2,2,0,2,0,0,0,0,1,2,2,2,0,1,1,1,1,0,1,2,2,2,2,1,2,2,1,1,1,2,1,2,2,2,2,1,0,2,1,1,2,1,1,2,1,0,2,1,0,1,1,2,2,2,1,0,1,0,0,2,0,2,1,1,0,0,0,1,0,2,2,1,0,0,0,0,0,2,81,0
0,0,0,0,1,2,2,0,2,0,0,0,0,1,2,2,2,0,1,1,1,1,0,1,2,2,2,2,1,2,2,1,1,1,2,1,2,2,2,2,1,0,2,1,1,2,0,0,2,1,0,2,1,0,0,0,2,2,2,1,0,1,0,0,2,0,2,1,1,0,0,0,1,0,2,2,1,0,0,0,0,0,1,77,0
0,0,0,0,1,2,2,0,2,0,0,0,0,1,2,2,2,0,1,1,1,1,0,1,2,2,2,2,1,2,2,1,1,1,2,1,2,2,2,2,1,0,2,1,1,2,0,0,2,1,0,2,1,0,0,0,2,2,2,1,1,1,0,0,2,0,2,1,1,0,0,0,1,0,2,2,1,0,0,0,0,0,2,0,0
0,0,0,0,1,2,2,0,2,0,0,0,0,1,2,2,2,0,1,1,1,1,0,1,2,2,2,2,1,2,2,1,1,1,2,1,2,2,2,2,1,0,2,1,1,2,0,0,2,1,0,2,1,0,0,0,2,2,2,1,1,1,0,0,2,0,2,1,1,0,0,0,1,0,2,2,1,0,0,0,0,0,1,0,0
0,0,0,0,0,0,0,0,0,0,0,0,0,0,0,0,0,0,0,0,0,0,0,0,0,0,0,0,0,0,0,0,0,0,0,0,0,0,0,0,0,0,0,0,0,0,0,0,0,0,0,0,0,0,0,0,0,0,0,0,0,0,0,0,0,0,0,0,0,0,0,0,0,0,0,0,0,0,0,0,0,0,1,46,0
0,0,0,0,0,0,0,0,0,0,0,0,0,0,0,0,0,0,0,0,0,0,0,0,0,0,0,0,0,0,0,0,1,0,0,0,0,0,0,0,0,0,0,0,0,0,0,0,0,0,0,0,0,0,0,0,0,0,0,0,0,0,0,0,0,0,0,0,0,0,0,0,0,0,0,0,0,0,0,0,0,0,2,44,0
0,0,0,0,0,0,0,0,0,0,0,0,0,0,0,0,0,0,0,0,0,0,0,0,0,0,0,0,0,0,2,0,1,0,0,0,0,0,0,0,0,0,0,0,0,0,0,0,0,0,0,0,0,0,0,0,0,0,0,0,0,0,0,0,0,0,0,0,0,0,0,0,0,0,0,0,0,0,0,0,0,0,1,65,0
0,0,0,0,0,0,0,0,0,0,0,0,0,0,0,0,0,0,0,0,0,0,0,0,0,0,0,0,0,0,2,0,1,0,0,0,0,0,0,0,0,0,0,0,0,0,0,0,0,1,0,0,0,0,0,0,0,0,0,0,0,0,0,0,0,0,0,0,0,0,0,0,0,0,0,0,0,0,0,0,0,0,2,77,0
0,0,0,0,0,0,0,0,0,0,0,0,0,0,0,0,0,0,0,0,0,0,0,0,0,0,0,0,0,0,2,0,1,0,0,0,0,0,0,0,0,0,0,0,0,0,0,0,0,1,0,0,0,0,0,0,0,0,0,0,2,0,0,0,0,0,0,0,0,0,0,0,0,0,0,0,0,0,0,0,0,0,1,63,0
0,0,0,0,0,0,0,0,0,0,0,0,0,0,0,0,0,0,0,0,0,0,0,0,0,0,0,0,0,0,2,0,1,0,0,0,0,0,0,0,0,0,0,0,0,0,0,1,0,1,0,0,0,0,0,0,0,0,0,0,2,0,0,0,0,0,0,0,0,0,0,0,0,0,0,0,0,0,0,0,0,0,2,53,0
0,0,0,0,0,0,0,0,0,0,0,0,0,0,0,0,0,0,0,0,0,0,0,0,0,0,0,0,0,0,2,0,1,0,0,0,0,0,2,0,0,0,0,0,0,0,0,1,0,1,0,0,0,0,0,0,0,0,0,0,2,0,0,0,0,0,0,0,0,0,0,0,0,0,0,0,0,0,0,0,0,0,1,62,0
0,0,0,0,0,0,0,0,0,0,0,0,0,0,0,0,0,0,0,0,0,0,0,0,0,0,0,0,0,0,2,0,1,0,0,0,0,0,2,0,0,0,0,0,0,0,1,1,0,1,0,0,0,0,0,0,0,0,0,0,2,0,0,0,0,0,0,0,0,0,0,0,0,0,0,0,0,0,0,0,0,0,2,36,0
0,0,0,0,0,0,0,0,0,0,0,0,0,0,0,0,0,0,0,0,0,0,0,2,0,0,0,0,0,0,2,0,1,0,0,0,0,0,2,0,0,0,0,0,0,0,1,1,0,1,0,0,0,0,0,0,0,0,0,0,2,0,0,0,0,0,0,0,0,0,0,0,0,0,0,0,0,0,0,0,0,0,1,37,0
0,0,0,0,0,0,0,0,0,0,0,0,0,0,0,0,0,0,0,0,0,0,0,2,1,0,0,0,0,0,2,0,1,0,0,0,0,0,2,0,0,0,0,0,0,0,1,1,0,1,0,0,0,0,0,0,0,0,0,0,2,0,0,0,0,0,0,0,0,0,0,0,0,0,0,0,0,0,0,0,0,0,2,35,0
0,0,0,0,0,0,0,0,0,0,0,0,0,0,0,0,0,0,0,0,0,0,2,2,1,0,0,0,0,0,2,0,1,0,0,0,0,0,2,0,0,0,0,0,0,0,1,1,0,1,0,0,0,0,0,0,0,0,0,0,2,0,0,0,0,0,0,0,0,0,0,0,0,0,0,0,0,0,0,0,0,0,1,57,0
0,0,0,0,0,0,0,0,0,0,0,0,0,0,0,0,0,0,0,0,0,0,2,2,1,0,0,0,0,0,2,0,1,0,0,0,0,0,2,0,0,0,1,0,0,0,1,1,0,1,0,0,0,0,0,0,0,0,0,0,2,0,0,0,0,0,0,0,0,0,0,0,0,0,0,0,0,0,0,0,0,0,2,74,0
0,0,0,0,0,0,0,0,0,0,0,0,0,0,0,0,0,0,0,0,0,0,2,2,1,0,0,0,0,0,2,0,1,0,0,0,0,0,2,0,0,0,1,0,0,0,1,1,0,1,0,0,0,0,0,0,0,2,0,0,2,0,0,0,0,0,0,0,0,0,0,0,0,0,0,0,0,0,0,0,0,0,1,64,0
0,0,0,0,0,0,0,0,0,0,0,0,0,0,0,0,0,0,0,0,0,0,2,2,1,0,0,0,0,0,2,0,1,0,0,0,0,0,2,0,0,0,1,0,0,0,1,1,1,1,0,0,0,0,0,0,0,2,0,0,2,0,0,0,0,0,0,0,0,0,0,0,0,0,0,0,0,0,0,0,0,0,2,75,0
0,0,0,0,0,0,0,0,0,0,0,0,0,0,0,0,0,0,0,0,0,0,2,2,1,0,0,0,0,0,2,0,1,0,0,0,0,0,2,0,0,0,1,0,0,0,1,1,1,1,0,0,0,0,0,0,0,2,2,0,2,0,0,0,0,0,0,0,0,0,0,0,0,0,0,0,0,0,0,0,0,0,1,27,0
0,0,0,0,0,0,0,0,0,0,0,0,0,0,0,1,0,0,0,0,0,0,2,2,1,0,0,0,0,0,2,0,1,0,0,0,0,0,2,0,0,0,1,0,0,0,1,1,1,1,0,0,0,0,0,0,0,2,2,0,2,0,0,0,0,0,0,0,0,0,0,0,0,0,0,0,0,0,0,0,0,0,2,33,0
0,0,0,0,0,0,0,0,0,0,0,0,0,0,0,1,0,0,0,0,2,0,2,2,1,0,0,0,0,0,2,0,1,0,0,0,0,0,2,0,0,0,1,0,0,0,1,1,1,1,0,0,0,0,0,0,0,2,2,0,2,0,0,0,0,0,0,0,0,0,0,0,0,0,0,0,0,0,0,0,0,0,1,42,0
0,0,0,0,0,0,0,0,0,0,0,0,0,0,0,1,0,0,0,0,2,0,2,2,1,0,0,0,1,0,2,0,1,0,0,0,0,0,2,0,0,0,1,0,0,0,1,1,1,1,0,0,0,0,0,0,0,2,2,0,2,0,0,0,0,0,0,0,0,0,0,0,0,0,0,0,0,0,0,0,0,0,2,32,0
0,0,0,0,0,0,0,0,0,0,0,0,0,0,0,1,0,0,0,2,2,0,2,2,1,0,0,0,1,0,2,0,1,0,0,0,0,0,2,0,0,0,1,0,0,0,1,1,1,1,0,0,0,0,0,0,0,2,2,0,2,0,0,0,0,0,0,0,0,0,0,0,0,0,0,0,0,0,0,0,0,0,1,78,0
0,0,0,0,0,0,0,0,0,0,0,0,0,0,0,1,0,0,0,2,2,0,2,2,1,0,0,0,1,0,2,0,1,0,0,0,0,0,2,0,0,0,1,0,0,0,1,1,1,1,0,0,0,0,0,0,0,2,2,0,2,1,0,0,0,0,0,0,0,0,0,0,0,0,0,0,0,0,0,0,0,0,2,88,0
0,0,0,0,0,0,0,0,0,0,0,0,0,0,0,1,0,0,0,2,2,0,2,2,1,0,0,0,1,0,2,0,1,0,0,0,0,0,2,0,0,0,1,0,0,0,1,1,1,1,0,0,0,0,0,0,0,2,2,0,2,1,0,0,0,0,0,0,0,0,2,0,0,0,0,0,0,0,0,0,0,0,1,68,0
0,0,0,0,0,0,0,0,0,0,0,0,0,0,0,1,0,0,0,2,2,0,2,2,1,0,0,0,1,0,2,0,1,0,0,0,0,0,2,0,0,0,1,0,0,0,1,1,1,1,0,0,1,0,0,0,0,2,2,0,2,1,0,0,0,0,0,0,0,0,2,0,0,0,0,0,0,0,0,0,0,0,2,89,0
0,0,0,0,0,0,0,0,0,0,0,0,0,0,0,1,0,0,0,2,2,0,2,2,1,0,0,0,1,0,2,0,1,0,0,0,0,0,2,0,0,0,1,0,0,0,1,1,1,1,0,0,1,0,0,0,0,2,2,0,2,1,0,0,0,0,0,0,0,0,2,2,0,0,0,0,0,0,0,0,0,0,1,73,0
0,0,0,0,0,0,0,0,0,0,0,0,0,0,0,1,0,0,0,2,2,0,2,2,1,0,0,0,1,0,2,0,1,0,0,0,0,0,2,0,0,0,1,0,0,0,1,1,1,1,0,0,1,0,0,0,1,2,2,0,2,1,0,0,0,0,0,0,0,0,2,2,0,0,0,0,0,0,0,0,0,0,2,26,0
0,0,0,0,0,0,0,0,0,0,0,0,0,0,2,1,0,0,0,2,2,0,2,2,1,0,0,0,1,0,2,0,1,0,0,0,0,0,2,0,0,0,1,0,0,0,1,1,1,1,0,0,1,0,0,0,1,2,2,0,2,1,0,0,0,0,0,0,0,0,2,2,0,0,0,0,0,0,0,0,0,0,1,83,0
0,0,0,0,0,0,0,0,0,0,0,0,0,0,2,1,0,0,0,2,2,0,2,2,1,0,0,0,1,0,2,0,1,0,0,0,0,0,2,0,0,0,1,0,0,0,1,1,1,1,0,0,1,0,0,0,1,2,2,0,2,1,0,0,0,1,0,0,0,0,2,2,0,0,0,0,0,0,0,0,0,0,2,86,0
0,0,0,0,0,0,0,0,0,0,0,0,0,0,2,1,0,0,0,2,2,0,2,2,1,0,0,0,1,0,2,0,1,0,0,0,0,0,2,0,0,0,1,0,0,0,1,1,1,1,0,0,1,0,0,0,1,2,2,0,2,1,0,0,0,1,0,0,2,0,2,2,0,0,0,0,0,0,0,0,0,0,1,52,0
0,0,0,0,0,0,0,0,0,0,0,0,0,0,2,1,0,0,0,2,2,0,2,2,1,0,0,0,1,0,2,0,1,0,0,0,0,1,2,0,0,0,1,0,0,0,1,1,1,1,0,0,1,0,0,0,1,2,2,0,2,1,0,0,0,1,0,0,2,0,2,2,0,0,0,0,0,0,0,0,0,0,2,84,0
0,0,0,0,0,0,0,0,0,0,0,0,0,0,2,1,0,0,0,2,2,0,2,2,1,0,0,0,1,0,2,0,1,0,0,0,0,1,2,0,0,0,1,0,0,0,1,1,1,1,0,0,1,0,0,0,1,2,2,0,2,1,0,0,0,1,2,0,2,0,2,2,0,0,0,0,0,0,0,0,0,0,1,24,0
0,0,0,0,0,0,0,0,0,0,0,0,1,0,2,1,0,0,0,2,2,0,2,2,1,0,0,0,1,0,2,0,1,0,0,0,0,1,2,0,0,0,1,0,0,0,1,1,1,1,0,0,1,0,0,0,1,2,2,0,2,1,0,0,0,1,2,0,2,0,2,2,0,0,0,0,0,0,0,0,0,0,2,23,0
0,0,0,0,0,0,0,0,0,0,0,2,1,0,2,1,0,0,0,2,2,0,2,2,1,0,0,0,1,0,2,0,1,0,0,0,0,1,2,0,0,0,1,0,0,0,1,1,1,1,0,0,1,0,0,0,1,2,2,0,2,1,0,0,0,1,2,0,2,0,2,2,0,0,0,0,0,0,0,0,0,0,1,16,0
0,0,0,0,0,1,0,0,0,0,0,2,1,0,2,1,0,0,0,2,2,0,2,2,1,0,0,0,1,0,2,0,1,0,0,0,0,1,2,0,0,0,1,0,0,0,1,1,1,1,0,0,1,0,0,0,1,2,2,0,2,1,0,0,0,1,2,0,2,0,2,2,0,0,0,0,0,0,0,0,0,0,2,15,0
0,0,0,0,2,1,0,0,0,0,0,2,1,0,2,1,0,0,0,2,2,0,2,2,1,0,0,0,1,0,2,0,1,0,0,0,0,1,2,0,0,0,1,0,0,0,1,1,1,1,0,0,1,0,0,0,1,2,2,0,2,1,0,0,0,1,2,0,2,0,2,2,0,0,0,0,0,0,0,0,0,0,1,17,0
0,0,0,0,2,1,1,0,0,0,0,2,1,0,2,1,0,0,0,2,2,0,2,2,1,0,0,0,1,0,2,0,1,0,0,0,0,1,2,0,0,0,1,0,0,0,1,1,1,1,0,0,1,0,0,0,1,2,2,0,2,1,0,0,0,1,2,0,2,0,2,2,0,0,0,0,0,0,0,0,0,0,2,34,0
0,0,0,0,2,1,1,0,0,0,0,2,1,0,2,1,0,0,0,2,2,0,2,2,1,0,0,0,1,0,2,0,1,0,0,0,0,1,2,0,0,0,1,0,0,0,1,1,1,1,0,0,1,0,0,0,1,2,2,0,2,1,0,0,0,1,2,0,2,0,2,2,0,0,0,0,0,0,0,0,0,0,1,66,0
0,0,0,0,2,1,1,0,0,0,0,2,1,0,2,1,0,0,0,2,2,0,2,2,1,0,0,0,1,0,2,0,1,0,0,0,0,1,2,0,0,0,1,0,0,0,1,1,1,1,1,0,1,0,0,0,1,2,2,0,2,1,0,0,0,1,2,0,2,0,2,2,0,0,0,0,0,0,0,0,0,0,2,93,0
0,0,0,0,2,1,1,0,0,0,0,2,1,0,2,1,0,0,0,2,2,0,2,2,1,0,0,0,1,0,2,0,1,0,0,0,0,1,2,0,0,0,1,0,0,0,1,1,1,1,1,0,1,0,0,0,1,2,2,0,2,1,0,0,0,1,2,0,2,0,2,2,0,0,2,0,0,0,0,0,0,0,1,92,0
0,0,0,0,2,1,1,0,0,0,0,2,1,0,2,1,0,0,0,2,2,0,2,2,1,0,0,0,1,0,2,0,1,0,0,0,0,1,2,0,0,0,1,0,0,0,1,1,1,1,1,0,1,0,0,0,1,2,2,0,2,1,0,0,0,1,2,0,2,0,2,2,0,1,2,0,0,0,0,0,0,0,2,94,0
0,0,0,0,2,1,1,0,0,0,0,2,1,0,2,1,0,0,0,2,2,0,2,2,1,0,0,0,1,0,2,0,1,0,0,0,0,1,2,0,0,0,1,0,0,0,1,1,1,1,1,0,1,0,0,0,1,2,2,0,2,1,0,0,0,1,2,0,2,0,2,2,0,1,2,2,0,0,0,0,0,0,1,31,0
0,0,0,0,2,1,1,0,0,0,0,2,1,0,2,1,0,0,1,2,2,0,2,2,1,0,0,0,1,0,2,0,1,0,0,0,0,1,2,0,0,0,1,0,0,0,1,1,1,1,1,0,1,0,0,0,1,2,2,0,2,1,0,0,0,1,2,0,2,0,2,2,0,1,2,2,0,0,0,0,0,0,2,21,0
0,0,0,0,2,1,1,0,0,2,0,2,1,0,2,1,0,0,1,2,2,0,2,2,1,0,0,0,1,0,2,0,1,0,0,0,0,1,2,0,0,0,1,0,0,0,1,1,1,1,1,0,1,0,0,0,1,2,2,0,2,1,0,0,0,1,2,0,2,0,2,2,0,1,2,2,0,0,0,0,0,0,1,41,0
0,0,0,0,2,1,1,0,0,2,0,2,1,0,2,1,0,0,1,2,2,0,2,2,1,0,0,1,1,0,2,0,1,0,0,0,0,1,2,0,0,0,1,0,0,0,1,1,1,1,1,0,1,0,0,0,1,2,2,0,2,1,0,0,0,1,2,0,2,0,2,2,0,1,2,2,0,0,0,0,0,0,2,82,0
0,0,0,0,2,1,1,0,0,2,0,2,1,0,2,1,0,0,1,2,2,0,2,2,1,0,0,1,1,0,2,0,1,0,0,0,0,1,2,0,0,0,1,0,0,0,1,1,1,1,1,0,1,0,0,0,1,2,2,0,2,1,0,0,2,1,2,0,2,0,2,2,0,1,2,2,0,0,0,0,0,0,1,81,0
0,0,0,0,2,1,1,0,0,2,0,2,1,0,2,1,0,0,1,2,2,0,2,2,1,0,0,1,1,0,2,0,1,0,0,0,0,1,2,0,0,0,1,0,0,0,1,1,1,1,1,0,1,0,0,0,1,2,2,0,2,1,0,1,2,1,2,0,2,0,2,2,0,1,2,2,0,0,0,0,0,0,2,91,0
0,0,0,0,2,1,1,0,0,2,0,2,1,0,2,1,0,0,1,2,2,0,2,2,1,0,0,1,1,0,2,0,1,0,0,0,0,1,2,0,0,0,1,0,0,0,1,1,1,1,1,0,1,0,0,0,1,2,2,0,2,1,0,1,2,1,2,0,2,0,2,2,2,0,2,2,0,0,0,0,0,0,1,14,0
0,0,0,1,2,1,1,0,0,2,0,2,1,0,2,1,0,0,1,2,2,0,2,2,1,0,0,1,1,0,2,0,1,0,0,0,0,1,2,0,0,0,1,0,0,0,1,1,1,1,1,0,1,0,0,0,1,2,2,0,2,1,0,1,2,1,2,0,2,0,2,2,2,0,2,2,0,0,0,0,0,0,2,25,0
0,0,0,1,2,1,1,0,0,2,0,2,1,2,2,1,0,0,1,2,2,0,2,2,1,0,0,1,1,0,2,0,1,0,0,0,0,1,2,0,0,0,1,0,0,0,1,1,1,1,1,0,1,0,0,0,1,2,2,0,2,1,0,1,2,1,2,0,2,0,2,2,2,0,2,2,0,0,0,0,0,0,1,92,0
0,0,0,1,2,1,1,0,0,2,0,2,1,2,2,1,0,0,1,2,2,0,2,2,1,0,0,1,1,0,2,0,1,0,0,0,0,1,2,0,0,0,1,0,0,0,1,1,1,1,1,0,1,0,0,0,1,2,2,0,2,1,0,1,2,1,2,0,2,0,2,2,0,1,2,2,0,0,0,0,0,0,2,79,0
0,0,0,1,2,1,1,0,0,2,0,2,1,2,2,1,0,0,1,2,2,0,2,2,1,0,0,1,1,0,2,0,1,0,0,0,0,1,2,0,0,0,1,0,0,0,1,1,1,1,1,0,1,0,0,0,1,2,2,0,2,1,2,1,2,1,2,0,2,0,2,2,0,1,2,2,0,0,0,0,0,0,1,76,0
0,0,0,1,2,1,1,0,0,2,0,2,1,2,2,1,0,0,1,2,2,0,2,2,1,0,0,1,1,0,2,0,1,0,0,0,0,1,2,0,0,0,1,0,0,0,1,1,1,1,1,0,1,0,0,0,1,2,2,0,2,1,2,1,2,1,2,0,2,0,2,2,0,1,2,2,0,0,0,0,0,0,2,95,0
0,0,0,1,2,1,1,0,0,2,0,2,1,2,2,1,0,0,1,2,2,0,2,2,1,0,0,1,1,0,2,0,1,0,0,0,0,1,2,0,0,0,1,0,0,0,1,1,1,1,1,0,1,0,0,0,1,2,2,0,2,1,2,1,2,1,2,0,2,0,2,2,0,1,2,2,2,0,0,0,0,0,1,69,0
0,0,0,1,2,1,1,0,0,2,0,2,1,2,2,1,0,0,1,2,2,0,2,2,1,0,0,1,1,0,2,0,1,0,0,0,0,1,2,0,0,0,1,0,0,0,1,1,1,1,1,0,1,1,0,0,1,2,2,0,2,1,2,1,2,1,2,0,2,0,2,2,0,1,2,2,2,0,0,0,0,0,2,91,0
0,0,0,1,2,1,1,0,0,2,0,2,1,2,2,1,0,0,1,2,2,0,2,2,1,0,0,1,1,0,2,0,1,0,0,0,0,1,2,0,0,0,1,0,0,0,1,1,1,1,1,0,1,1,0,0,1,2,2,0,2,1,2,1,2,1,2,0,2,0,2,2,2,0,2,2,2,0,0,0,0,0,1,87,0
0,0,0,1,2,1,1,0,0,2,0,2,1,2,2,1,0,0,1,2,2,0,2,2,1,0,0,1,1,0,2,0,1,0,0,0,0,1,2,0,0,0,1,0,0,0,1,1,1,1,1,0,1,1,0,0,1,2,2,0,2,1,2,1,2,1,2,0,2,1,2,2,2,0,2,2,2,0,0,0,0,0,2,97,0
0,0,0,1,2,1,1,0,0,2,0,2,1,2,2,1,0,0,1,2,2,0,2,2,1,0,0,1,1,0,2,0,1,0,0,0,0,1,2,0,0,0,1,0,0,0,1,1,1,1,1,0,1,1,0,0,1,2,2,0,2,1,2,1,2,1,2,0,2,0,2,2,2,0,2,2,2,0,2,0,0,0,1,92,0
0,0,0,1,2,1,1,0,0,2,0,2,1,2,2,1,0,0,1,2,2,0,2,2,1,0,0,1,1,0,2,0,1,0,0,0,0,1,2,0,0,0,1,0,0,0,1,1,1,1,1,0,1,1,0,0,1,2,2,0,2,1,2,1,2,1,2,0,2,0,2,2,0,1,2,2,2,0,2,0,0,0,2,55,0
0,0,0,1,2,1,1,0,0,2,0,2,1,2,2,1,0,0,1,2,2,0,2,2,1,0,0,1,1,0,2,0,1,0,0,0,0,1,2,0,2,0,1,0,0,0,1,1,1,1,1,0,1,1,0,0,1,2,2,0,2,1,2,1,2,1,2,0,2,0,2,2,0,1,2,2,2,0,2,0,0,0,1,54,0
0,0,0,1,2,1,1,0,0,2,0,2,1,2,2,1,0,0,1,2,2,0,2,2,1,0,0,1,1,0,2,0,1,0,0,0,0,1,2,0,2,0,1,0,0,0,1,1,1,1,1,0,1,1,0,0,1,2,2,0,2,1,2,1,2,1,2,0,2,0,2,2,0,1,2,2,2,0,2,0,0,0,2,45,0
0,0,0,1,2,1,1,0,0,2,0,2,1,2,2,1,0,0,1,2,2,0,2,2,1,0,0,1,1,0,2,0,1,0,0,0,0,1,2,0,2,0,1,0,0,0,1,1,1,1,1,0,1,1,0,0,1,2,2,0,2,1,2,1,2,1,2,0,2,0,2,2,0,1,2,2,2,0,2,0,0,0,1,43,0
0,0,0,1,2,1,1,0,0,2,0,2,1,2,2,1,0,0,1,2,2,0,2,2,1,0,0,1,1,0,2,0,1,0,0,0,0,1,2,0,2,0,1,0,0,0,1,1,1,1,1,0,1,1,0,0,1,2,2,0,2,1,2,1,2,1,2,0,2,0,2,2,0,1,2,2,2,0,2,0,0,0,2,91,0
0,0,0,1,2,1,1,0,0,2,0,2,1,2,2,1,0,0,1,2,2,0,2,2,1,0,0,1,1,0,2,0,1,0,0,0,0,1,2,0,2,0,1,0,0,0,1,1,1,1,1,0,1,1,0,0,1,2,2,0,2,1,2,1,2,1,2,0,2,0,2,2,2,0,2,2,2,0,2,0,0,0,1,67,0
0,0,0,1,2,1,1,0,0,2,0,2,1,2,2,1,0,0,1,2,2,0,2,2,1,0,0,1,1,0,2,0,1,0,0,0,0,1,2,0,2,0,1,0,0,0,1,1,1,1,1,0,1,1,0,0,1,2,2,0,2,1,2,1,2,1,2,0,2,0,2,2,2,0,2,2,2,0,2,0,0,0,2,56,0
0,0,0,1,2,1,1,0,0,2,0,2,1,2,2,1,0,0,1,2,2,0,2,2,1,0,0,1,1,0,2,0,1,0,0,0,0,1,2,0,2,2,1,0,0,0,1,1,1,1,1,0,1,1,0,0,1,2,2,0,2,1,2,1,2,1,2,0,2,0,2,2,2,0,2,2,2,0,2,0,0,0,1,87,0
0,0,0,1,2,1,1,0,0,2,0,2,1,2,2,1,0,0,1,2,2,0,2,2,1,0,0,1,1,0,2,0,1,0,0,0,0,1,2,0,2,2,1,0,0,0,1,1,1,1,1,0,1,1,0,0,1,2,2,0,2,1,2,1,2,1,2,0,2,1,2,2,2,0,2,2,2,0,2,0,0,0,2,98,0
0,0,0,1,2,1,1,0,0,2,0,2,1,2,2,1,0,0,1,2,2,0,2,2,1,0,0,1,1,0,2,0,1,0,0,0,0,1,2,0,2,2,1,0,0,0,1,1,1,1,1,0,1,1,0,0,1,2,2,0,2,1,2,1,2,1,2,0,2,1,2,2,2,0,2,2,2,0,2,2,0,0,1,92,0
0,0,0,1,2,1,1,0,0,2,0,2,1,2,2,1,0,0,1,2,2,0,2,2,1,0,0,1,1,0,2,0,1,0,0,0,0,1,2,0,2,2,1,0,0,0,1,1,1,1,1,0,1,1,0,0,1,2,2,0,2,1,2,1,2,1,2,0,2,1,2,2,0,1,2,2,2,0,2,2,0,0,2,47,0
0,0,0,1,2,1,1,0,0,2,0,2,1,2,2,1,0,0,1,2,2,0,2,2,1,0,0,1,1,0,2,0,1,2,0,0,0,1,2,0,2,2,1,0,0,0,1,1,1,1,1,0,1,1,0,0,1,2,2,0,2,1,2,1,2,1,2,0,2,1,2,2,0,1,2,2,2,0,2,2,0,0,1,48,0
0,0,0,1,2,1,1,0,0,2,0,2,1,2,2,1,0,0,1,2,2,0,2,2,1,0,0,1,1,0,2,0,1,0,1,0,0,1,2,0,2,2,1,0,0,0,1,1,1,1,1,0,1,1,0,0,1,2,2,0,2,1,2,1,2,1,2,0,2,1,2,2,0,1,2,2,2,0,2,2,0,0,2,91,0
0,0,0,1,2,1,1,0,0,2,0,2,1,2,2,1,0,0,1,2,2,0,2,2,1,0,0,1,1,0,2,0,1,0,1,0,0,1,2,0,2,2,1,0,0,0,1,1,1,1,1,0,1,1,0,0,1,2,2,0,2,1,2,1,2,1,2,0,2,1,2,2,2,0,2,2,2,0,2,2,0,0,1,12,0
0,1,0,1,2,1,1,0,0,2,0,2,1,2,2,1,0,0,1,2,2,0,2,2,1,0,0,1,1,0,2,0,1,0,1,0,0,1,2,0,2,2,1,0,0,0,1,1,1,1,1,0,1,1,0,0,1,2,2,0,2,1,2,1,2,1,2,0,2,1,2,2,2,0,2,2,2,0,2,2,0,0,2,13,0
0,1,2,1,2,1,1,0,0,2,0,2,1,2,2,1,0,0,1,2,2,0,2,2,1,0,0,1,1,0,2,0,1,0,1,0,0,1,2,0,2,2,1,0,0,0,1,1,1,1,1,0,1,1,0,0,1,2,2,0,2,1,2,1,2,1,2,0,2,1,2,2,2,0,2,2,2,0,2,2,0,0,1,92,0
0,1,2,1,2,1,1,0,0,2,0,2,1,2,2,1,0,0,1,2,2,0,2,2,1,0,0,1,1,0,2,0,1,0,1,0,0,1,2,0,2,2,1,0,0,0,1,1,1,1,1,0,1,1,0,0,1,2,2,0,2,1,2,1,2,1,2,0,2,1,2,2,0,1,2,2,2,0,2,2,0,0,2,46,0
0,1,2,1,2,1,1,0,0,2,0,2,1,2,2,1,0,0,1,2,2,0,2,2,1,0,0,1,1,0,2,0,1,0,1,0,0,1,2,0,2,2,1,0,0,0,1,1,1,1,1,0,1,1,0,0,1,2,2,0,2,1,2,1,2,1,2,0,2,1,2,2,0,1,2,2,2,0,2,2,0,0,1,22,0
0,1,2,1,2,1,1,0,0,2,1,2,1,2,2,1,0,0,1,2,2,0,2,2,1,0,0,1,1,0,2,0,1,0,1,0,0,1,2,0,2,2,1,0,0,0,1,1,1,1,1,0,1,1,0,0,1,2,2,0,2,1,2,1,2,1,2,0,2,1,2,2,0,1,2,2,2,0,2,2,0,0,2,11,0
2,0,2,1,2,1,1,0,0,2,0,2,1,2,2,1,0,0,1,2,2,0,2,2,1,0,0,1,1,0,2,0,1,0,1,0,0,1,2,0,2,2,1,0,0,0,1,1,1,1,1,0,1,1,0,0,1,2,2,0,2,1,2,1,2,1,2,0,2,1,2,2,0,1,2,2,2,0,2,2,0,0,1,22,0
2,0,2,1,2,1,1,0,0,2,1,2,1,2,2,1,0,0,1,2,2,0,2,2,1,0,0,1,1,0,2,0,1,0,1,0,0,1,2,0,2,2,1,0,0,0,1,1,1,1,1,0,1,1,0,0,1,2,2,0,2,1,2,1,2,1,2,0,2,1,2,2,0,1,2,2,2,0,2,2,0,0,2,1,0
0,0,0,0,0,0,0,0,0,0,0,0,0,0,0,0,0,0,0,0,0,0,0,0,0,0,0,0,0,0,0,0,0,0,0,0,0,0,0,0,0,0,0,0,0,0,0,0,0,0,0,0,0,0,0,0,0,0,0,0,0,0,0,0,0,0,0,0,0,0,0,0,0,0,0,0,0,0,0,0,0,0,1,44,2
0,0,0,0,0,0,0,0,0,0,0,0,0,0,0,0,0,0,0,0,0,0,0,0,0,0,0,0,0,0,1,0,0,0,0,0,0,0,0,0,0,0,0,0,0,0,0,0,0,0,0,0,0,0,0,0,0,0,0,0,0,0,0,0,0,0,0,0,0,0,0,0,0,0,0,0,0,0,0,0,0,0,2,66,2
0,0,0,0,0,0,0,0,0,0,0,0,0,0,0,0,0,0,0,0,0,0,0,0,0,0,0,0,0,0,1,0,0,0,0,0,0,0,0,0,0,0,0,0,0,0,0,0,0,0,2,0,0,0,0,0,0,0,0,0,0,0,0,0,0,0,0,0,0,0,0,0,0,0,0,0,0,0,0,0,0,0,1,56,2
0,0,0,0,0,0,0,0,0,0,0,0,0,0,0,0,0,0,0,0,0,0,0,0,0,0,0,0,0,0,1,0,0,0,0,0,0,0,0,0,0,1,0,0,0,0,0,0,0,0,2,0,0,0,0,0,0,0,0,0,0,0,0,0,0,0,0,0,0,0,0,0,0,0,0,0,0,0,0,0,0,0,2,57,2
0,0,0,0,0,0,0,0,0,0,0,0,0,0,0,0,0,0,0,0,0,0,0,0,0,0,0,0,0,0,1,0,0,0,0,0,0,0,0,0,0,1,2,0,0,0,0,0,0,0,2,0,0,0,0,0,0,0,0,0,0,0,0,0,0,0,0,0,0,0,0,0,0,0,0,0,0,0,0,0,0,0,1,46,2
0,0,0,0,0,0,0,0,0,0,0,0,0,0,0,0,0,0,0,0,0,0,0,0,0,0,0,0,0,0,1,0,1,0,0,0,0,0,0,0,0,1,2,0,0,0,0,0,0,0,2,0,0,0,0,0,0,0,0,0,0,0,0,0,0,0,0,0,0,0,0,0,0,0,0,0,0,0,0,0,0,0,2,65,2
0,0,0,0,0,0,0,0,0,0,0,0,0,0,0,0,0,0,0,0,0,0,0,0,0,0,0,0,0,0,1,0,1,0,0,0,0,0,0,0,0,1,2,0,0,0,0,0,0,2,2,0,0,0,0,0,0,0,0,0,0,0,0,0,0,0,0,0,0,0,0,0,0,0,0,0,0,0,0,0,0,0,1,73,2
0,0,0,0,0,0,0,0,0,0,0,0,0,0,0,0,0,0,0,0,0,0,0,0,0,0,0,0,0,0,1,0,1,0,0,0,0,0,0,0,0,1,2,0,0,0,0,0,0,2,2,0,0,0,0,0,1,0,0,0,0,0,0,0,0,0,0,0,0,0,0,0,0,0,0,0,0,0,0,0,0,0,2,63,2
0,0,0,0,0,0,0,0,0,0,0,0,0,0,0,0,0,0,0,0,0,0,0,0,0,0,0,0,0,0,1,0,1,0,0,0,0,0,0,0,0,1,2,0,0,0,0,2,0,2,2,0,0,0,0,0,1,0,0,0,0,0,0,0,0,0,0,0,0,0,0,0,0,0,0,0,0,0,0,0,0,0,1,53,2
0,0,0,0,0,0,0,0,0,0,0,0,0,0,0,0,0,0,0,0,0,0,0,0,0,0,0,0,0,0,1,0,1,0,0,0,0,0,1,0,0,1,2,0,0,0,0,2,0,2,2,0,0,0,0,0,1,0,0,0,0,0,0,0,0,0,0,0,0,0,0,0,0,0,0,0,0,0,0,0,0,0,2,64,2
0,0,0,0,0,0,0,0,0,0,0,0,0,0,0,0,0,0,0,0,0,0,0,0,0,0,0,0,0,0,1,0,1,0,0,0,0,0,1,0,0,1,2,0,0,0,0,2,2,2,2,0,0,0,0,0,1,0,0,0,0,0,0,0,0,0,0,0,0,0,0,0,0,0,0,0,0,0,0,0,0,0,1,62,2
0,0,0,0,0,0,0,0,0,0,0,0,0,0,0,0,0,0,0,0,0,0,0,0,0,0,0,0,0,0,1,0,1,0,0,0,0,0,1,0,0,1,2,0,0,0,1,2,2,2,2,0,0,0,0,0,1,0,0,0,0,0,0,0,0,0,0,0,0,0,0,0,0,0,0,0,0,0,0,0,0,0,2,47,2
0,0,0,0,0,0,0,0,0,0,0,0,0,0,0,0,0,0,0,0,0,0,0,0,0,0,0,0,0,0,1,0,1,2,0,0,0,0,1,0,0,1,2,0,0,0,1,2,2,2,2,0,0,0,0,0,1,0,0,0,0,0,0,0,0,0,0,0,0,0,0,0,0,0,0,0,0,0,0,0,0,0,1,37,2
0,0,0,0,0,0,0,0,0,0,0,0,0,0,0,0,0,0,0,0,0,0,0,0,1,0,0,0,0,0,1,0,1,2,0,0,0,0,1,0,0,1,2,0,0,0,1,2,2,2,2,0,0,0,0,0,1,0,0,0,0,0,0,0,0,0,0,0,0,0,0,0,0,0,0,0,0,0,0,0,0,0,2,36,2
0,0,0,0,0,0,0,0,0,0,0,0,0,0,0,0,0,0,0,0,0,0,0,2,1,0,0,0,0,0,1,0,1,2,0,0,0,0,1,0,0,1,2,0,0,0,1,2,2,2,2,0,0,0,0,0,1,0,0,0,0,0,0,0,0,0,0,0,0,0,0,0,0,0,0,0,0,0,0,0,0,0,1,35,2
0,0,0,0,0,0,0,0,0,0,0,0,0,0,0,0,0,0,0,0,0,0,1,2,1,0,0,0,0,0,1,0,1,2,0,0,0,0,1,0,0,1,2,0,0,0,1,2,2,2,2,0,0,0,0,0,1,0,0,0,0,0,0,0,0,0,0,0,0,0,0,0,0,0,0,0,0,0,0,0,0,0,2,26,2
0,0,0,0,0,0,0,0,0,0,0,0,0,0,2,0,0,0,0,0,0,0,1,2,1,0,0,0,0,0,1,0,1,2,0,0,0,0,1,0,0,1,2,0,0,0,1,2,2,2,2,0,0,0,0,0,1,0,0,0,0,0,0,0,0,0,0,0,0,0,0,0,0,0,0,0,0,0,0,0,0,0,1,38,2
0,0,0,0,0,0,0,0,0,0,0,0,0,0,2,0,0,0,0,0,0,0,1,2,1,1,0,0,0,0,1,0,1,2,0,0,0,0,1,0,0,1,2,0,0,0,1,2,2,2,2,0,0,0,0,0,1,0,0,0,0,0,0,0,0,0,0,0,0,0,0,0,0,0,0,0,0,0,0,0,0,0,2,45,2
0,0,0,0,0,0,0,0,0,0,0,0,0,0,2,0,0,0,0,0,0,0,1,2,1,1,0,0,0,0,1,2,1,2,0,0,0,0,1,0,0,1,2,0,0,0,1,2,2,2,2,0,0,0,0,0,1,0,0,0,0,0,0,0,0,0,0,0,0,0,0,0,0,0,0,0,0,0,0,0,0,0,1,55,2
0,0,0,0,0,0,0,0,0,0,0,0,0,0,2,0,0,0,0,0,0,0,1,2,1,1,0,0,0,0,1,0,1,2,0,0,0,0,1,0,1,1,2,0,0,0,1,2,2,2,2,0,0,0,0,0,1,0,0,0,0,0,0,0,0,0,0,0,0,0,0,0,0,0,0,0,0,0,0,0,0,0,2,54,2
0,0,0,0,0,0,0,0,0,0,0,0,0,0,2,0,0,0,0,0,0,0,1,2,1,1,0,0,0,0,1,0,1,2,0,0,0,0,1,0,1,1,2,0,0,0,1,2,2,2,2,0,0,0,0,0,1,0,0,0,0,0,0,0,0,0,0,0,0,0,0,0,0,0,0,0,0,0,0,0,0,0,1,45,2
0,0,0,0,0,0,0,0,0,0,0,0,0,0,2,0,0,0,0,0,0,0,1,2,1,1,0,0,0,0,1,0,1,2,0,0,0,0,1,0,1,1,2,0,0,0,1,2,2,2,2,0,0,0,0,0,1,0,0,0,0,0,0,0,0,0,0,0,0,0,0,0,0,0,0,0,0,0,0,0,0,0,2,43,2
0,0,0,0,0,0,0,0,0,0,0,0,0,0,2,0,0,0,0,0,0,0,1,2,1,1,0,0,0,2,1,0,1,2,0,0,0,0,1,0,1,1,2,0,0,0,1,2,2,2,2,0,0,0,0,0,1,0,0,0,0,0,0,0,0,0,0,0,0,0,0,0,0,0,0,0,0,0,0,0,0,0,1,33,2
0,0,0,0,0,0,0,0,0,0,0,0,0,0,2,0,0,0,0,0,1,0,1,2,1,1,0,0,0,2,1,0,1,2,0,0,0,0,1,0,1,1,2,0,0,0,1,2,2,2,2,0,0,0,0,0,1,0,0,0,0,0,0,0,0,0,0,0,0,0,0,0,0,0,0,0,0,0,0,0,0,0,2,52,2
0,0,0,0,0,0,0,0,0,0,0,0,0,0,2,0,0,0,0,0,1,0,1,2,1,1,0,0,0,2,1,0,1,2,0,0,0,2,1,0,1,1,2,0,0,0,1,2,2,2,2,0,0,0,0,0,1,0,0,0,0,0,0,0,0,0,0,0,0,0,0,0,0,0,0,0,0,0,0,0,0,0,1,42,2
0,0,0,0,0,0,0,0,0,0,0,0,0,0,2,0,0,0,0,0,1,0,1,2,1,1,0,0,1,0,1,0,1,2,0,0,0,2,1,0,1,1,2,0,0,0,1,2,2,2,2,0,0,0,0,0,1,0,0,0,0,0,0,0,0,0,0,0,0,0,0,0,0,0,0,0,0,0,0,0,0,0,2,53,2
0,0,0,0,0,0,0,0,0,0,0,0,0,0,2,0,0,0,0,0,1,0,1,2,1,1,0,0,1,0,1,0,1,2,0,0,0,2,1,0,1,1,2,0,0,0,1,2,2,2,2,0,0,0,0,0,1,0,0,0,0,0,0,0,0,0,0,0,0,0,0,0,0,0,0,0,0,0,0,0,0,0,1,67,2
0,0,0,0,0,0,0,0,0,0,0,0,0,0,2,0,0,0,0,0,1,0,1,2,1,1,0,0,1,0,1,0,1,2,0,0,0,2,1,0,1,1,2,0,0,0,1,2,2,2,2,1,0,0,0,0,1,0,0,0,0,0,0,0,0,0,0,0,0,0,0,0,0,0,0,0,0,0,0,0,0,0,2,77,2
0,0,0,0,0,0,0,0,0,0,0,0,0,0,2,0,0,0,0,0,1,0,1,2,1,1,0,0,1,0,1,0,1,2,0,0,0,2,1,0,1,1,2,0,0,0,1,2,2,2,2,1,0,0,0,0,1,0,0,0,2,0,0,0,0,0,0,0,0,0,0,0,0,0,0,0,0,0,0,0,0,0,1,68,2
0,0,0,0,0,0,0,0,0,0,0,0,0,0,2,0,0,0,0,0,1,0,1,2,1,1,0,0,1,0,1,0,1,2,0,0,0,2,1,0,1,1,2,0,0,0,1,2,2,2,2,1,1,0,0,0,1,0,0,0,2,0,0,0,0,0,0,0,0,0,0,0,0,0,0,0,0,0,0,0,0,0,2,25,2
0,0,0,0,0,0,0,0,0,0,0,0,0,2,2,0,0,0,0,0,1,0,1,2,1,1,0,0,1,0,1,0,1,2,0,0,0,2,1,0,1,1,2,0,0,0,1,2,2,2,2,1,1,0,0,0,1,0,0,0,2,0,0,0,0,0,0,0,0,0,0,0,0,0,0,0,0,0,0,0,0,0,1,34,2
0,0,0,0,0,0,0,0,0,0,0,0,0,2,2,0,0,0,0,0,1,0,1,2,1,1,0,0,1,0,1,0,1,2,0,0,0,2,1,0,1,1,2,0,0,0,1,2,2,2,2,1,1,0,0,0,1,0,0,0,2,0,0,0,0,0,0,0,0,0,0,0,0,0,0,0,0,0,0,0,0,0,2,32,2
0,0,0,0,0,0,0,0,0,0,0,0,0,2,2,0,0,0,0,2,1,0,1,2,1,1,0,0,1,0,1,0,1,2,0,0,0,2,1,0,1,1,2,0,0,0,1,2,2,2,2,1,1,0,0,0,1,0,0,0,2,0,0,0,0,0,0,0,0,0,0,0,0,0,0,0,0,0,0,0,0,0,1,22,2
0,0,0,0,0,0,0,0,0,0,1,0,0,2,2,0,0,0,0,2,1,0,1,2,1,1,0,0,1,0,1,0,1,2,0,0,0,2,1,0,1,1,2,0,0,0,1,2,2,2,2,1,1,0,0,0,1,0,0,0,2,0,0,0,0,0,0,0,0,0,0,0,0,0,0,0,0,0,0,0,0,0,2,41,2
0,0,0,0,0,0,0,0,0,0,1,0,0,2,2,0,0,0,0,2,1,0,1,2,1,1,0,2,1,0,1,0,1,2,0,0,0,2,1,0,1,1,2,0,0,0,1,2,2,2,2,1,1,0,0,0,1,0,0,0,2,0,0,0,0,0,0,0,0,0,0,0,0,0,0,0,0,0,0,0,0,0,1,24,2
0,0,0,0,0,0,0,0,0,0,1,0,1,2,2,0,0,0,0,2,1,0,1,2,1,1,0,2,1,0,1,0,1,2,0,0,0,2,1,0,1,1,2,0,0,0,1,2,2,2,2,1,1,0,0,0,1,0,0,0,2,0,0,0,0,0,0,0,0,0,0,0,0,0,0,0,0,0,0,0,0,0,2,78,2
0,0,0,0,0,0,0,0,0,0,1,0,1,2,2,0,0,0,0,2,1,0,1,2,1,1,0,2,1,0,1,0,1,2,0,0,0,2,1,0,1,1,2,0,0,0,1,2,2,2,2,1,1,0,0,0,1,0,0,0,2,2,0,0,0,0,0,0,0,0,0,0,0,0,0,0,0,0,0,0,0,0,1,82,2
0,0,0,0,0,0,0,0,0,0,1,0,1,2,2,0,0,0,0,2,1,0,1,2,1,1,0,2,1,0,1,0,1,2,0,0,0,2,1,0,1,1,2,0,0,0,1,2,2,2,2,1,1,0,0,0,1,0,0,0,2,2,0,0,1,0,0,0,0,0,0,0,0,0,0,0,0,0,0,0,0,0,2,84,2
0,0,0,0,0,0,0,0,0,0,1,0,1,2,2,0,0,0,0,2,1,0,1,2,1,1,0,2,1,0,1,0,1,2,0,0,0,2,1,0,1,1,2,0,0,0,1,2,2,2,2,1,1,0,0,0,1,0,0,0,2,2,0,0,1,0,2,0,0,0,0,0,0,0,0,0,0,0,0,0,0,0,1,74,2
0,0,0,0,0,0,0,0,0,0,1,0,1,2,2,0,0,0,0,2,1,0,1,2,1,1,0,2,1,0,1,0,1,2,0,0,0,2,1,0,1,1,2,0,0,0,1,2,2,2,2,1,1,0,0,0,1,1,0,0,2,2,0,0,1,0,2,0,0,0,0,0,0,0,0,0,0,0,0,0,0,0,2,85,2
0,0,0,0,0,0,0,0,0,0,1,0,1,2,2,0,0,0,0,2,1,0,1,2,1,1,0,2,1,0,1,0,1,2,0,0,0,2,1,0,1,1,2,0,0,0,1,2,2,2,2,1,1,0,0,0,1,1,0,0,2,2,0,0,1,0,2,2,0,0,0,0,0,0,0,0,0,0,0,0,0,0,1,1,2
0,0,0,0,0,0,0,0,0,0,0,0,0,0,0,0,0,0,0,0,0,0,0,0,0,0,0,0,0,0,0,0,0,0,0,0,0,0,0,0,0,0,0,0,0,0,0,0,0,0,0,0,0,0,0,0,0,0,0,0,0,0,0,0,0,0,0,0,0,0,0,0,0,0,0,0,0,0,0,0,0,0,1,56,0
0,0,0,0,0,0,0,0,0,0,0,0,0,0,0,0,0,0,0,0,0,0,0,0,0,0,0,0,0,0,0,0,0,0,0,0,0,0,0,0,0,1,0,0,0,0,0,0,0,0,0,0,0,0,0,0,0,0,0,0,0,0,0,0,0,0,0,0,0,0,0,0,0,0,0,0,0,0,0,0,0,0,2,54,0
0,0,0,0,0,0,0,0,0,0,0,0,0,0,0,0,0,0,0,0,0,0,0,0,0,0,0,0,0,0,0,0,0,0,0,0,0,0,0,2,0,1,0,0,0,0,0,0,0,0,0,0,0,0,0,0,0,0,0,0,0,0,0,0,0,0,0,0,0,0,0,0,0,0,0,0,0,0,0,0,0,0,1,35,0
0,0,0,0,0,0,0,0,0,0,0,0,0,0,0,0,0,0,0,0,0,0,1,0,0,0,0,0,0,0,0,0,0,0,0,0,0,0,0,2,0,1,0,0,0,0,0,0,0,0,0,0,0,0,0,0,0,0,0,0,0,0,0,0,0,0,0,0,0,0,0,0,0,0,0,0,0,0,0,0,0,0,2,34,0
0,0,0,0,0,0,0,0,0,0,0,0,0,0,0,0,0,0,0,0,0,2,1,0,0,0,0,0,0,0,0,0,0,0,0,0,0,0,0,2,0,1,0,0,0,0,0,0,0,0,0,0,0,0,0,0,0,0,0,0,0,0,0,0,0,0,0,0,0,0,0,0,0,0,0,0,0,0,0,0,0,0,1,24,0
0,0,0,0,0,0,0,0,0,0,0,0,1,0,0,0,0,0,0,0,0,2,1,0,0,0,0,0,0,0,0,0,0,0,0,0,0,0,0,2,0,1,0,0,0,0,0,0,0,0,0,0,0,0,0,0,0,0,0,0,0,0,0,0,0,0,0,0,0,0,0,0,0,0,0,0,0,0,0,0,0,0,2,66,0
0,0,0,0,0,0,0,0,0,0,0,0,1,0,0,0,0,0,0,0,0,2,1,0,0,0,0,0,0,0,0,0,0,0,0,0,0,0,0,2,0,1,0,0,0,0,0,0,0,0,2,0,0,0,0,0,0,0,0,0,0,0,0,0,0,0,0,0,0,0,0,0,0,0,0,0,0,0,0,0,0,0,1,67,0
0,0,0,0,0,0,0,0,0,0,0,0,1,0,0,0,0,0,0,0,0,2,1,0,0,0,0,0,0,0,0,0,0,0,0,0,0,0,0,2,0,1,0,0,0,0,0,0,0,0,2,1,0,0,0,0,0,0,0,0,0,0,0,0,0,0,0,0,0,0,0,0,0,0,0,0,0,0,0,0,0,0,2,45,0
0,0,0,0,0,0,0,0,0,0,0,0,1,0,0,0,0,0,0,0,0,2,1,0,0,0,0,0,0,0,0,2,0,0,0,0,0,0,0,2,0,1,0,0,0,0,0,0,0,0,2,1,0,0,0,0,0,0,0,0,0,0,0,0,0,0,0,0,0,0,0,0,0,0,0,0,0,0,0,0,0,0,1,46,0
0,0,0,0,0,0,0,0,0,0,0,0,1,0,0,0,0,0,0,0,0,2,1,0,0,0,0,0,0,0,0,2,1,0,0,0,0,0,0,2,0,1,0,0,0,0,0,0,0,0,2,1,0,0,0,0,0,0,0,0,0,0,0,0,0,0,0,0,0,0,0,0,0,0,0,0,0,0,0,0,0,0,2,25,0
0,0,0,0,0,0,0,0,0,0,0,0,1,2,0,0,0,0,0,0,0,2,1,0,0,0,0,0,0,0,0,2,1,0,0,0,0,0,0,2,0,1,0,0,0,0,0,0,0,0,2,1,0,0,0,0,0,0,0,0,0,0,0,0,0,0,0,0,0,0,0,0,0,0,0,0,0,0,0,0,0,0,1,36,0
0,0,0,0,0,0,0,0,0,0,0,0,1,2,0,0,0,0,0,0,0,2,1,1,0,0,0,0,0,0,0,2,1,0,0,0,0,0,0,2,0,1,0,0,0,0,0,0,0,0,2,1,0,0,0,0,0,0,0,0,0,0,0,0,0,0,0,0,0,0,0,0,0,0,0,0,0,0,0,0,0,0,2,23,0
0,0,0,0,0,0,0,0,0,0,0,2,1,2,0,0,0,0,0,0,0,2,1,1,0,0,0,0,0,0,0,2,1,0,0,0,0,0,0,2,0,1,0,0,0,0,0,0,0,0,2,1,0,0,0,0,0,0,0,0,0,0,0,0,0,0,0,0,0,0,0,0,0,0,0,0,0,0,0,0,0,0,1,64,0
0,0,0,0,0,0,0,0,0,0,0,2,1,2,0,0,0,0,0,0,0,2,1,1,0,0,0,0,0,0,0,2,1,0,0,0,0,0,0,2,0,1,0,0,0,0,0,0,1,0,2,1,0,0,0,0,0,0,0,0,0,0,0,0,0,0,0,0,0,0,0,0,0,0,0,0,0,0,0,0,0,0,2,77,0
0,0,0,0,0,0,0,0,0,0,0,2,1,2,0,0,0,0,0,0,0,2,1,1,0,0,0,0,0,0,0,2,1,0,0,0,0,0,0,2,0,1,0,0,0,0,0,0,1,0,2,1,0,0,0,0,0,0,0,0,2,0,0,0,0,0,0,0,0,0,0,0,0,0,0,0,0,0,0,0,0,0,1,76,0
0,0,0,0,0,0,0,0,0,0,0,2,1,2,0,0,0,0,0,0,0,2,1,1,0,0,0,0,0,0,0,2,1,0,0,0,0,0,0,2,0,1,0,0,0,0,0,0,1,0,2,1,0,0,0,0,0,0,0,1,2,0,0,0,0,0,0,0,0,0,0,0,0,0,0,0,0,0,0,0,0,0,2,63,0
0,0,0,0,0,0,0,0,0,0,0,2,1,2,0,0,0,0,0,0,0,2,1,1,0,0,0,0,0,0,0,2,1,0,0,0,0,0,0,2,0,1,0,0,0,0,0,2,1,0,2,1,0,0,0,0,0,0,0,1,2,0,0,0,0,0,0,0,0,0,0,0,0,0,0,0,0,0,0,0,0,0,1,55,0
0,0,0,0,0,0,0,0,0,0,0,2,1,2,0,0,0,0,0,0,0,2,1,1,0,0,0,0,0,0,0,2,1,0,0,0,0,0,0,2,1,1,0,0,0,0,0,2,1,0,2,1,0,0,0,0,0,0,0,1,2,0,0,0,0,0,0,0,0,0,0,0,0,0,0,0,0,0,0,0,0,0,2,44,0
0,0,0,0,0,0,0,0,0,0,0,2,1,2,0,0,0,0,0,0,0,2,1,1,0,0,0,0,0,0,2,2,1,0,0,0,0,0,0,2,1,1,0,0,0,0,0,2,1,0,2,1,0,0,0,0,0,0,0,1,2,0,0,0,0,0,0,0,0,0,0,0,0,0,0,0,0,0,0,0,0,0,1,73,0
0,0,0,0,0,0,0,0,0,0,0,2,1,2,0,0,0,0,0,0,0,2,1,1,0,0,0,0,0,0,2,2,1,0,0,0,0,0,0,2,1,1,0,0,0,0,0,2,1,0,2,1,0,0,0,0,1,0,0,1,2,0,0,0,0,0,0,0,0,0,0,0,0,0,0,0,0,0,0,0,0,0,2,68,0
0,0,0,0,0,0,0,0,0,0,0,2,1,2,0,0,0,0,0,0,0,2,1,1,0,0,0,0,0,0,2,2,1,0,0,0,0,0,0,2,1,1,0,0,0,0,0,2,1,0,2,1,2,0,0,0,1,0,0,1,2,0,0,0,0,0,0,0,0,0,0,0,0,0,0,0,0,0,0,0,0,0,1,65,0
0,0,0,0,0,0,0,0,0,0,0,2,1,2,0,0,0,0,0,0,0,2,1,1,0,0,0,0,0,0,2,2,1,0,0,0,0,0,0,2,1,1,0,0,0,0,0,2,1,1,0,1,2,0,0,0,1,0,0,1,2,0,0,0,0,0,0,0,0,0,0,0,0,0,0,0,0,0,0,0,0,0,2,88,0
0,0,0,0,0,0,0,0,0,0,0,2,1,2,0,0,0,0,0,0,0,2,1,1,0,0,0,0,0,0,2,2,1,0,0,0,0,0,0,2,1,1,0,0,0,0,0,2,1,1,0,1,2,0,0,0,1,0,0,1,2,0,0,0,0,0,0,0,0,0,2,0,0,0,0,0,0,0,0,0,0,0,1,53,0
0,0,0,0,0,0,0,0,0,0,0,2,1,2,0,0,0,0,0,0,0,2,1,1,0,0,0,0,0,0,2,2,1,0,0,0,0,0,1,2,1,1,0,0,0,0,0,2,1,1,0,1,2,0,0,0,1,0,0,1,2,0,0,0,0,0,0,0,0,0,2,0,0,0,0,0,0,0,0,0,0,0,2,42,0
0,0,0,0,0,0,0,0,0,0,0,2,1,2,0,0,0,0,0,0,0,2,1,1,0,0,0,0,2,0,2,2,1,0,0,0,0,0,1,2,1,1,0,0,0,0,0,2,1,1,0,1,2,0,0,0,1,0,0,1,2,0,0,0,0,0,0,0,0,0,2,0,0,0,0,0,0,0,0,0,0,0,1,58,0
0,0,0,0,0,0,0,0,0,0,0,2,1,2,0,0,0,0,0,0,0,2,1,1,0,0,0,0,2,0,2,2,1,0,0,0,0,0,1,2,1,1,0,1,0,0,0,2,1,1,0,1,2,0,0,0,1,0,0,1,2,0,0,0,0,0,0,0,0,0,2,0,0,0,0,0,0,0,0,0,0,0,2,86,0
0,0,0,0,0,0,0,0,0,0,0,2,1,2,0,0,0,0,0,0,0,2,1,1,0,0,0,0,2,0,2,2,1,0,0,0,0,0,1,2,1,1,0,1,0,0,0,2,1,1,0,1,2,0,0,0,1,0,0,1,2,0,0,0,0,0,0,0,2,0,2,0,0,0,0,0,0,0,0,0,0,0,1,85,0
0,0,0,0,0,0,0,0,0,0,0,2,1,2,0,0,0,0,0,0,0,2,1,1,0,0,0,0,2,0,2,2,1,0,0,0,0,0,1,2,1,1,0,1,0,0,0,2,1,1,0,1,2,0,0,0,1,0,0,1,2,0,0,0,0,0,0,1,2,0,2,0,0,0,0,0,0,0,0,0,0,0,2,26,0
0,0,0,0,0,0,0,0,0,0,0,2,1,2,2,0,0,0,0,0,0,2,1,1,0,0,0,0,2,0,2,2,1,0,0,0,0,0,1,2,1,1,0,1,0,0,0,2,1,1,0,1,2,0,0,0,1,0,0,1,2,0,0,0,0,0,0,1,2,0,2,0,0,0,0,0,0,0,0,0,0,0,1,62,0
0,0,0,0,0,0,0,0,0,0,0,2,1,2,2,0,0,0,0,0,0,2,1,1,0,0,0,0,2,0,2,2,1,0,0,0,0,0,1,2,1,1,0,1,0,0,1,0,1,1,0,1,2,0,0,0,1,0,0,1,2,0,0,0,0,0,0,1,2,0,2,0,0,0,0,0,0,0,0,0,0,0,2,27,0
0,0,0,0,0,0,0,0,0,0,0,2,1,2,2,2,0,0,0,0,0,2,1,1,0,0,0,0,2,0,2,2,1,0,0,0,0,0,1,2,1,1,0,1,0,0,1,0,1,1,0,1,2,0,0,0,1,0,0,1,2,0,0,0,0,0,0,1,2,0,2,0,0,0,0,0,0,0,0,0,0,0,1,69,0
0,0,0,0,0,0,0,0,0,0,0,2,1,2,2,2,0,0,0,0,0,2,1,1,0,0,0,0,2,0,2,2,1,0,0,0,0,0,1,2,1,1,0,1,0,0,1,0,1,1,0,1,2,1,0,0,1,0,0,1,2,0,0,0,0,0,0,1,2,0,2,0,0,0,0,0,0,0,0,0,0,0,2,79,0
0,0,0,0,0,0,0,0,0,0,0,2,1,2,2,2,0,0,0,0,0,2,1,1,0,0,0,0,2,0,2,2,1,0,0,0,0,0,1,2,1,1,0,1,0,0,1,0,1,1,0,1,2,1,0,0,1,0,0,1,2,0,2,0,0,0,0,1,2,0,2,0,0,0,0,0,0,0,0,0,0,0,1,78,0
0,0,0,0,0,0,0,0,0,0,0,2,1,2,2,2,0,0,0,0,0,2,1,1,0,0,0,0,2,0,2,2,1,0,0,0,0,0,1,2,1,1,0,1,0,0,1,0,1,1,0,1,0,1,0,0,1,0,0,1,2,1,2,0,0,0,0,1,2,0,2,0,0,0,0,0,0,0,0,0,0,0,2,38,0
0,0,0,0,0,0,0,0,0,0,0,2,1,2,2,2,0,0,0,0,0,2,1,1,0,2,0,0,2,0,2,2,1,0,0,0,0,0,1,2,1,1,0,1,0,0,1,0,1,1,0,1,0,1,0,0,1,0,0,1,2,1,2,0,0,0,0,1,2,0,2,0,0,0,0,0,0,0,0,0,0,0,1,89,0
0,0,0,0,0,0,0,0,0,0,0,2,1,2,2,2,0,0,0,0,0,2,1,1,0,2,0,0,2,0,2,2,1,0,0,0,0,0,1,2,1,1,0,1,0,0,1,0,1,1,0,1,0,1,0,0,1,0,0,1,2,1,0,0,0,0,0,1,2,0,2,1,0,0,0,0,0,0,0,0,0,0,2,52,0
0,0,0,0,0,0,0,0,0,0,0,2,1,2,2,2,0,0,0,0,0,2,1,1,0,2,0,0,2,0,2,2,1,0,0,0,0,2,1,2,1,1,0,1,0,0,1,0,1,1,0,1,0,1,0,0,1,0,0,1,2,1,0,0,0,0,0,1,2,0,2,1,0,0,0,0,0,0,0,0,0,0,1,48,0
0,0,0,0,0,0,0,0,0,0,0,2,1,2,2,2,0,0,0,0,0,2,1,1,0,2,0,0,2,0,2,2,1,0,1,0,0,2,1,2,1,1,0,1,0,0,1,0,1,1,0,1,0,1,0,0,1,0,0,1,2,1,0,0,0,0,0,1,2,0,2,1,0,0,0,0,0,0,0,0,0,0,2,37,0
0,0,0,0,0,0,0,0,0,0,0,2,1,2,2,2,0,0,0,0,0,2,1,1,2,2,0,0,2,0,2,2,1,0,1,0,0,2,1,2,1,1,0,1,0,0,1,0,1,1,0,1,0,1,0,0,1,0,0,1,2,1,0,0,0,0,0,1,2,0,2,1,0,0,0,0,0,0,0,0,0,0,1,43,0
0,0,0,0,0,0,0,0,0,0,0,2,1,2,2,2,0,0,0,0,0,2,1,1,2,2,0,0,2,1,2,2,1,0,1,0,0,2,1,2,1,1,0,1,0,0,1,0,1,1,0,1,0,1,0,0,1,0,0,1,2,1,0,0,0,0,0,1,2,0,2,1,0,0,0,0,0,0,0,0,0,0,2,33,0
0,0,0,0,0,0,0,0,0,0,0,2,1,2,2,2,0,0,0,0,2,2,1,1,2,2,0,0,2,1,2,2,1,0,1,0,0,2,1,2,1,1,0,1,0,0,1,0,1,1,0,1,0,1,0,0,1,0,0,1,2,1,0,0,0,0,0,1,2,0,2,1,0,0,0,0,0,0,0,0,0,0,1,63,0
0,0,0,0,0,0,0,0,0,0,0,2,1,2,2,2,0,0,0,0,2,2,1,1,2,2,0,0,2,1,2,2,1,0,1,0,0,2,1,2,1,1,0,1,0,0,1,1,1,1,0,1,0,1,0,0,1,0,0,1,2,1,0,0,0,0,0,1,2,0,2,1,0,0,0,0,0,0,0,0,0,0,2,49,0
0,0,0,0,0,0,0,0,0,0,0,2,1,2,2,2,0,0,0,0,2,2,1,1,2,2,0,0,2,1,2,2,1,0,1,2,0,2,1,2,1,1,0,1,0,0,1,1,1,1,0,1,0,1,0,0,1,0,0,1,2,1,0,0,0,0,0,1,2,0,2,1,0,0,0,0,0,0,0,0,0,0,1,51,0
0,0,0,0,0,0,0,0,0,0,0,2,1,2,2,2,0,0,0,0,2,2,1,1,2,2,0,0,2,1,2,2,1,0,1,2,1,2,1,2,1,1,0,1,0,0,1,1,1,1,0,1,0,1,0,0,1,0,0,1,2,1,0,0,0,0,0,1,2,0,2,1,0,0,0,0,0,0,0,0,0,0,2,32,0
0,0,0,0,0,0,0,0,0,0,0,2,1,2,2,2,0,0,0,2,2,2,1,1,2,2,0,0,2,1,2,2,1,0,1,2,1,2,1,2,1,1,0,1,0,0,1,1,1,1,0,1,0,1,0,0,1,0,0,1,2,1,0,0,0,0,0,1,2,0,2,1,0,0,0,0,0,0,0,0,0,0,1,47,0
0,0,0,0,0,0,0,0,0,0,0,2,1,2,2,2,0,0,0,2,2,2,1,1,2,2,0,0,2,1,2,2,1,1,1,2,1,2,1,2,1,1,0,1,0,0,1,1,1,1,0,1,0,1,0,0,1,0,0,1,2,1,0,0,0,0,0,1,2,0,2,1,0,0,0,0,0,0,0,0,0,0,2,41,0
0,0,0,0,0,0,0,0,0,0,0,2,1,2,2,2,0,0,0,2,2,2,1,1,2,2,0,2,2,1,2,2,1,1,1,2,1,2,1,2,1,1,0,1,0,0,1,1,1,1,0,1,0,1,0,0,1,0,0,1,2,1,0,0,0,0,0,1,2,0,2,1,0,0,0,0,0,0,0,0,0,0,1,61,0
0,0,0,0,0,0,0,0,0,0,0,2,1,2,2,2,0,0,0,2,2,2,1,1,2,2,0,2,2,1,2,2,1,1,1,2,1,2,1,2,1,1,0,1,0,1,1,1,1,1,0,1,0,1,0,0,1,0,0,1,2,1,0,0,0,0,0,1,2,0,2,1,0,0,0,0,0,0,0,0,0,0,2,39,0
0,0,0,0,0,0,0,0,0,0,0,2,1,2,2,2,0,0,0,2,2,2,1,1,2,2,2,2,2,1,2,2,1,1,1,2,1,2,1,2,1,1,0,1,0,1,1,1,1,1,0,1,0,1,0,0,1,0,0,1,2,1,0,0,0,0,0,1,2,0,2,1,0,0,0,0,0,0,0,0,0,0,1,59,0
0,0,0,0,0,0,0,0,0,0,0,2,1,2,2,2,0,0,0,2,2,2,1,1,2,2,2,2,2,1,2,2,1,1,1,2,1,2,1,2,1,1,0,1,1,1,1,1,1,1,0,1,0,1,0,0,1,0,0,1,2,1,0,0,0,0,0,1,2,0,2,1,0,0,0,0,0,0,0,0,0,0,2,0,0
0,0,0,0,0,0,0,0,0,0,0,2,1,2,2,2,0,0,0,2,2,2,1,1,2,2,2,2,2,1,2,2,1,1,1,2,1,2,1,2,1,1,0,1,1,1,1,1,1,1,0,1,0,1,0,0,1,0,0,1,2,1,0,0,0,0,0,1,2,0,2,1,0,0,0,0,0,0,0,0,0,0,1,0,0
0,0,0,0,0,0,0,0,0,0,0,0,0,0,0,0,0,0,0,0,0,0,0,0,0,0,0,0,0,0,0,0,0,0,0,0,0,0,0,0,0,0,0,0,0,0,0,0,0,0,0,0,0,0,0,0,0,0,0,0,0,0,0,0,0,0,0,0,0,0,0,0,0,0,0,0,0,0,0,0,0,0,1,56,2
0,0,0,0,0,0,0,0,0,0,0,0,0,0,0,0,0,0,0,0,0,0,0,0,0,0,0,0,0,0,0,0,0,0,0,0,0,0,0,0,0,1,0,0,0,0,0,0,0,0,0,0,0,0,0,0,0,0,0,0,0,0,0,0,0,0,0,0,0,0,0,0,0,0,0,0,0,0,0,0,0,0,2,54,2
0,0,0,0,0,0,0,0,0,0,0,0,0,0,0,0,0,0,0,0,0,0,0,0,0,0,0,0,0,0,0,0,0,0,0,0,0,0,0,2,0,1,0,0,0,0,0,0,0,0,0,0,0,0,0,0,0,0,0,0,0,0,0,0,0,0,0,0,0,0,0,0,0,0,0,0,0,0,0,0,0,0,1,75,2
0,0,0,0,0,0,0,0,0,0,0,0,0,0,0,0,0,0,0,0,0,0,0,0,0,0,0,0,0,0,0,0,0,0,0,0,0,0,0,2,0,1,0,0,0,0,0,0,0,0,0,0,0,0,0,0,0,0,1,0,0,0,0,0,0,0,0,0,0,0,0,0,0,0,0,0,0,0,0,0,0,0,2,58,2
0,0,0,0,0,0,0,0,0,0,0,0,0,0,0,0,0,0,0,0,0,0,0,0,0,0,0,0,0,0,0,0,0,0,0,0,0,0,0,2,0,1,0,2,0,0,0,0,0,0,0,0,0,0,0,0,0,0,1,0,0,0,0,0,0,0,0,0,0,0,0,0,0,0,0,0,0,0,0,0,0,0,1,63,2
0,0,0,0,0,0,0,0,0,0,0,0,0,0,0,0,0,0,0,0,0,0,0,0,0,0,0,0,0,0,0,0,0,0,0,0,0,0,0,2,0,1,0,2,0,0,0,1,0,0,0,0,0,0,0,0,0,0,1,0,0,0,0,0,0,0,0,0,0,0,0,0,0,0,0,0,0,0,0,0,0,0,2,53,2
0,0,0,0,0,0,0,0,0,0,0,0,0,0,0,0,0,0,0,0,0,0,0,0,0,0,0,0,0,0,0,0,0,0,0,0,0,0,2,2,0,1,0,2,0,0,0,1,0,0,0,0,0,0,0,0,0,0,1,0,0,0,0,0,0,0,0,0,0,0,0,0,0,0,0,0,0,0,0,0,0,0,1,77,2
0,0,0,0,0,0,0,0,0,0,0,0,0,0,0,0,0,0,0,0,0,0,0,0,0,0,0,0,0,0,0,0,0,0,0,0,0,0,2,2,0,1,0,2,0,0,0,1,0,0,0,0,0,0,0,0,0,0,1,0,1,0,0,0,0,0,0,0,0,0,0,0,0,0,0,0,0,0,0,0,0,0,2,37,2
0,0,0,0,0,0,0,0,0,0,0,0,0,0,0,0,0,0,0,0,0,0,0,0,2,0,0,0,0,0,0,0,0,0,0,0,0,0,2,2,0,1,0,2,0,0,0,1,0,0,0,0,0,0,0,0,0,0,1,0,1,0,0,0,0,0,0,0,0,0,0,0,0,0,0,0,0,0,0,0,0,0,1,36,2
0,0,0,0,0,0,0,0,0,0,0,0,0,0,0,0,0,0,0,0,0,0,0,1,2,0,0,0,0,0,0,0,0,0,0,0,0,0,2,2,0,1,0,2,0,0,0,1,0,0,0,0,0,0,0,0,0,0,1,0,1,0,0,0,0,0,0,0,0,0,0,0,0,0,0,0,0,0,0,0,0,0,2,47,2
0,0,0,0,0,0,0,0,0,0,0,0,0,0,0,0,0,0,0,0,0,0,0,1,2,0,0,0,0,0,0,0,0,2,0,0,0,0,2,2,0,1,0,2,0,0,0,1,0,0,0,0,0,0,0,0,0,0,1,0,1,0,0,0,0,0,0,0,0,0,0,0,0,0,0,0,0,0,0,0,0,0,1,46,2
0,0,0,0,0,0,0,0,0,0,0,0,0,0,0,0,0,0,0,0,0,0,0,1,2,0,0,0,0,0,0,0,1,2,0,0,0,0,2,2,0,1,0,2,0,0,0,1,0,0,0,0,0,0,0,0,0,0,1,0,1,0,0,0,0,0,0,0,0,0,0,0,0,0,0,0,0,0,0,0,0,0,2,34,2
0,0,0,0,0,0,0,0,0,0,0,0,0,0,0,0,0,0,0,0,0,2,0,1,2,0,0,0,0,0,0,0,1,2,0,0,0,0,2,2,0,1,0,2,0,0,0,1,0,0,0,0,0,0,0,0,0,0,1,0,1,0,0,0,0,0,0,0,0,0,0,0,0,0,0,0,0,0,0,0,0,0,1,68,2
0,0,0,0,0,0,0,0,0,0,0,0,0,0,0,0,0,0,0,0,0,2,0,1,2,0,0,0,0,0,0,0,1,2,0,0,0,0,2,2,0,1,0,2,0,0,0,1,0,0,0,0,1,0,0,0,0,0,1,0,1,0,0,0,0,0,0,0,0,0,0,0,0,0,0,0,0,0,0,0,0,0,2,57,2
0,0,0,0,0,0,0,0,0,0,0,0,0,0,0,0,0,0,0,0,0,2,0,1,2,0,0,0,0,0,0,0,1,2,0,0,0,0,2,2,0,1,2,2,0,0,0,1,0,0,0,0,1,0,0,0,0,0,1,0,1,0,0,0,0,0,0,0,0,0,0,0,0,0,0,0,0,0,0,0,0,0,1,62,2
0,0,0,0,0,0,0,0,0,0,0,0,0,0,0,0,0,0,0,0,0,2,0,1,2,0,0,0,0,0,0,0,1,2,0,0,0,0,2,2,0,1,2,2,0,0,1,1,0,0,0,0,1,0,0,0,0,0,1,0,1,0,0,0,0,0,0,0,0,0,0,0,0,0,0,0,0,0,0,0,0,0,2,66,2
0,0,0,0,0,0,0,0,0,0,0,0,0,0,0,0,0,0,0,0,0,2,0,1,2,0,0,0,0,0,0,0,1,2,0,0,0,0,2,2,0,1,2,2,0,0,1,1,0,0,2,0,1,0,0,0,0,0,1,0,1,0,0,0,0,0,0,0,0,0,0,0,0,0,0,0,0,0,0,0,0,0,1,65,2
0,0,0,0,0,0,0,0,0,0,0,0,0,0,0,0,0,0,0,0,0,2,0,1,2,0,0,0,0,0,0,0,1,2,0,0,0,0,2,2,0,1,2,2,0,0,1,1,0,1,2,0,1,0,0,0,0,0,1,0,1,0,0,0,0,0,0,0,0,0,0,0,0,0,0,0,0,0,0,0,0,0,2,67,2
0,0,0,0,0,0,0,0,0,0,0,0,0,0,0,0,0,0,0,0,0,2,0,1,2,0,0,0,0,0,0,0,1,2,0,0,0,0,2,2,0,1,2,2,0,0,1,1,0,1,2,2,1,0,0,0,0,0,1,0,1,0,0,0,0,0,0,0,0,0,0,0,0,0,0,0,0,0,0,0,0,0,1,55,2
0,0,0,0,0,0,0,0,0,0,0,0,0,0,0,0,0,0,0,0,0,2,0,1,2,0,0,0,0,0,0,0,1,2,0,0,0,0,2,2,1,1,2,2,0,0,1,1,0,1,2,2,1,0,0,0,0,0,1,0,1,0,0,0,0,0,0,0,0,0,0,0,0,0,0,0,0,0,0,0,0,0,2,52,2
0,0,0,0,0,0,0,0,0,0,0,0,0,0,0,0,0,0,0,0,0,2,0,1,2,0,0,0,0,0,0,0,1,2,0,0,0,2,2,2,1,1,2,2,0,0,1,1,0,1,2,2,1,0,0,0,0,0,1,0,1,0,0,0,0,0,0,0,0,0,0,0,0,0,0,0,0,0,0,0,0,0,1,25,2
0,0,0,0,0,0,0,0,0,0,0,0,0,1,0,0,0,0,0,0,0,2,0,1,2,0,0,0,0,0,0,0,1,2,0,0,0,2,2,2,1,1,2,2,0,0,1,1,0,1,2,2,1,0,0,0,0,0,1,0,1,0,0,0,0,0,0,0,0,0,0,0,0,0,0,0,0,0,0,0,0,0,2,24,2
0,0,0,0,0,0,0,0,0,0,0,0,2,1,0,0,0,0,0,0,0,2,0,1,2,0,0,0,0,0,0,0,1,2,0,0,0,2,2,2,1,1,2,2,0,0,1,1,0,1,2,2,1,0,0,0,0,0,1,0,1,0,0,0,0,0,0,0,0,0,0,0,0,0,0,0,0,0,0,0,0,0,1,51,2
0,0,0,0,0,0,0,0,0,0,0,0,2,1,0,0,0,0,0,0,0,2,0,1,2,0,0,0,0,0,0,0,1,2,0,0,1,2,2,2,1,1,2,2,0,0,1,1,0,1,2,2,1,0,0,0,0,0,1,0,1,0,0,0,0,0,0,0,0,0,0,0,0,0,0,0,0,0,0,0,0,0,2,64,2
0,0,0,0,0,0,0,0,0,0,0,0,2,1,0,0,0,0,0,0,0,2,0,1,2,0,0,0,0,0,0,0,1,2,0,0,1,2,2,2,1,1,2,2,0,0,1,1,2,1,2,2,1,0,0,0,0,0,1,0,1,0,0,0,0,0,0,0,0,0,0,0,0,0,0,0,0,0,0,0,0,0,1,74,2
0,0,0,0,0,0,0,0,0,0,0,0,2,1,0,0,0,0,0,0,0,2,0,1,2,0,0,0,0,0,0,0,1,2,0,0,1,2,2,2,1,1,2,2,0,0,1,1,2,1,2,2,1,0,0,0,0,1,1,0,1,0,0,0,0,0,0,0,0,0,0,0,0,0,0,0,0,0,0,0,0,0,2,73,2
0,0,0,0,0,0,0,0,0,0,0,0,2,1,0,0,0,0,0,0,0,2,0,1,2,0,0,0,0,0,0,0,1,2,0,0,1,2,2,2,1,1,2,2,0,0,1,1,2,1,2,2,1,0,0,0,2,1,1,0,1,0,0,0,0,0,0,0,0,0,0,0,0,0,0,0,0,0,0,0,0,0,1,72,2
0,0,0,0,0,0,0,0,0,0,0,0,2,1,0,0,0,0,0,0,0,2,0,1,2,0,0,0,0,0,0,0,1,2,0,0,1,2,2,2,1,1,2,2,0,0,1,1,2,1,2,2,1,0,0,1,2,1,1,0,1,0,0,0,0,0,0,0,0,0,0,0,0,0,0,0,0,0,0,0,0,0,2,41,2
0,0,0,0,0,0,0,0,0,0,0,0,2,1,0,0,0,0,0,0,0,2,0,1,2,0,0,2,0,0,0,0,1,2,0,0,1,2,2,2,1,1,2,2,0,0,1,1,2,1,2,2,1,0,0,1,2,1,1,0,1,0,0,0,0,0,0,0,0,0,0,0,0,0,0,0,0,0,0,0,0,0,1,61,2
0,0,0,0,0,0,0,0,0,0,0,0,2,1,0,0,0,0,0,0,0,2,0,1,2,0,0,2,0,0,0,0,1,2,0,0,1,2,2,2,1,1,2,2,0,1,1,1,2,1,2,2,1,0,0,1,2,1,1,0,1,0,0,0,0,0,0,0,0,0,0,0,0,0,0,0,0,0,0,0,0,0,2,32,2
0,0,0,0,0,0,0,0,0,0,0,0,2,1,0,0,0,0,0,2,0,2,0,1,2,0,0,2,0,0,0,0,1,2,0,0,1,2,2,2,1,1,2,2,0,1,1,1,2,1,2,2,1,0,0,1,2,1,1,0,1,0,0,0,0,0,0,0,0,0,0,0,0,0,0,0,0,0,0,0,0,0,1,88,2
0,0,0,0,0,0,0,0,0,0,0,0,2,1,0,0,0,0,0,2,0,2,0,1,2,0,0,2,0,0,0,0,1,2,0,0,1,2,2,2,1,1,2,2,0,1,1,1,2,1,2,2,1,0,0,1,2,1,1,0,1,0,0,0,0,0,0,0,0,0,1,0,0,0,0,0,0,0,0,0,0,0,2,76,2
0,0,0,0,0,0,0,0,0,0,0,0,2,1,0,0,0,0,0,2,0,2,0,1,2,0,0,2,0,0,0,0,1,2,0,0,1,2,2,2,1,1,2,2,0,1,1,1,2,1,2,2,1,0,0,1,2,1,1,2,1,0,0,0,0,0,0,0,0,0,1,0,0,0,0,0,0,0,0,0,0,0,1,86,2
0,0,0,0,0,0,0,0,0,0,0,0,2,1,0,0,0,0,0,2,0,2,0,1,2,0,0,2,0,0,0,0,1,2,0,0,1,2,2,2,1,1,2,2,0,1,1,1,2,1,2,2,1,0,0,1,2,1,1,2,1,0,0,0,0,0,0,0,1,0,1,0,0,0,0,0,0,0,0,0,0,0,2,69,2
0,0,0,0,0,0,0,0,0,0,0,0,2,1,0,0,0,0,0,2,0,2,0,1,2,0,0,2,0,0,0,0,1,2,0,0,1,2,2,2,1,1,2,2,0,1,1,1,2,1,2,2,1,2,0,1,2,1,1,2,1,0,0,0,0,0,0,0,1,0,1,0,0,0,0,0,0,0,0,0,0,0,1,78,2
0,0,0,0,0,0,0,0,0,0,0,0,2,1,0,0,0,0,0,2,0,2,0,1,2,0,0,2,0,0,0,0,1,2,0,0,1,2,2,2,1,1,2,2,0,1,1,1,2,1,2,2,1,2,0,1,2,1,1,2,1,1,0,0,0,0,0,0,1,0,1,0,0,0,0,0,0,0,0,0,0,0,2,27,2
0,0,0,0,0,0,0,0,0,0,0,0,2,1,0,2,0,0,0,2,0,2,0,1,2,0,0,2,0,0,0,0,1,2,0,0,1,2,2,2,1,1,2,2,0,1,1,1,2,1,2,2,1,2,0,1,2,1,1,2,1,1,0,0,0,0,0,0,1,0,1,0,0,0,0,0,0,0,0,0,0,0,1,14,2
0,0,0,1,0,0,0,0,0,0,0,0,2,1,0,2,0,0,0,2,0,2,0,1,2,0,0,2,0,0,0,0,1,2,0,0,1,2,2,2,1,1,2,2,0,1,1,1,2,1,2,2,1,2,0,1,2,1,1,2,1,1,0,0,0,0,0,0,1,0,1,0,0,0,0,0,0,0,0,0,0,0,2,13,2
0,0,2,1,0,0,0,0,0,0,0,0,2,1,0,2,0,0,0,2,0,2,0,1,2,0,0,2,0,0,0,0,1,2,0,0,1,2,2,2,1,1,2,2,0,1,1,1,2,1,2,2,1,2,0,1,2,1,1,2,1,1,0,0,0,0,0,0,1,0,1,0,0,0,0,0,0,0,0,0,0,0,1,15,2
0,0,2,1,1,0,0,0,0,0,0,0,2,1,0,2,0,0,0,2,0,2,0,1,2,0,0,2,0,0,0,0,1,2,0,0,1,2,2,2,1,1,2,2,0,1,1,1,2,1,2,2,1,2,0,1,2,1,1,2,1,1,0,0,0,0,0,0,1,0,1,0,0,0,0,0,0,0,0,0,0,0,2,23,2
0,0,2,1,1,0,0,0,0,0,0,2,2,1,0,2,0,0,0,2,0,2,0,1,2,0,0,2,0,0,0,0,1,2,0,0,1,2,2,2,1,1,2,2,0,1,1,1,2,1,2,2,1,2,0,1,2,1,1,2,1,1,0,0,0,0,0,0,1,0,1,0,0,0,0,0,0,0,0,0,0,0,1,79,2
0,0,2,1,1,0,0,0,0,0,0,2,2,1,0,2,0,0,0,2,0,2,0,1,2,0,0,2,0,0,0,0,1,2,0,0,1,2,2,2,1,1,2,2,0,1,1,1,2,1,2,2,1,2,0,1,2,1,1,2,1,1,1,0,0,0,0,0,1,0,1,0,0,0,0,0,0,0,0,0,0,0,2,59,2
0,0,2,1,1,0,0,0,0,0,0,2,2,1,0,2,0,0,0,2,0,2,0,1,2,0,0,2,0,0,0,0,1,2,0,0,1,2,2,2,1,1,2,2,2,1,1,1,2,1,2,2,1,2,0,1,2,1,1,2,1,1,1,0,0,0,0,0,1,0,1,0,0,0,0,0,0,0,0,0,0,0,1,44,2
0,0,2,1,1,0,0,0,0,0,0,2,2,1,0,2,0,0,0,2,0,2,0,1,2,0,0,2,0,0,1,0,1,2,0,0,1,2,2,2,1,1,2,2,2,1,1,1,2,1,2,2,1,2,0,1,2,1,1,2,1,1,1,0,0,0,0,0,1,0,1,0,0,0,0,0,0,0,0,0,0,0,2,43,2
0,0,2,1,1,0,0,0,0,0,0,2,2,1,0,2,0,0,0,2,0,2,0,1,2,0,0,2,0,2,1,0,1,2,0,0,1,2,2,2,1,1,2,2,2,1,1,1,2,1,2,2,1,2,0,1,2,1,1,2,1,1,1,0,0,0,0,0,1,0,1,0,0,0,0,0,0,0,0,0,0,0,1,26,2
0,0,2,1,1,0,0,0,0,0,0,2,2,1,1,2,0,0,0,2,0,2,0,1,2,0,0,2,0,2,1,0,1,2,0,0,1,2,2,2,1,1,2,2,2,1,1,1,2,1,2,2,1,2,0,1,2,1,1,2,1,1,1,0,0,0,0,0,1,0,1,0,0,0,0,0,0,0,0,0,0,0,2,17,2
0,0,2,1,1,0,2,0,0,0,0,2,2,1,1,2,0,0,0,2,0,2,0,1,2,0,0,2,0,2,1,0,1,2,0,0,1,2,2,2,1,1,2,2,2,1,1,1,2,1,2,2,1,2,0,1,2,1,1,2,1,1,1,0,0,0,0,0,1,0,1,0,0,0,0,0,0,0,0,0,0,0,1,45,2
0,0,2,1,1,0,2,0,0,0,0,2,2,1,1,2,0,0,0,2,0,2,0,1,2,0,0,2,0,2,1,1,1,2,0,0,1,2,2,2,1,1,2,2,2,1,1,1,2,1,2,2,1,2,0,1,2,1,1,2,1,1,1,0,0,0,0,0,1,0,1,0,0,0,0,0,0,0,0,0,0,0,2,29,2
0,0,2,1,1,0,2,0,0,0,0,2,2,1,1,2,0,2,0,2,0,2,0,1,2,0,0,2,0,2,1,1,1,2,0,0,1,2,2,2,1,1,2,2,2,1,1,1,2,1,2,2,1,2,0,1,2,1,1,2,1,1,1,0,0,0,0,0,1,0,1,0,0,0,0,0,0,0,0,0,0,0,1,83,2
0,0,2,1,1,0,2,0,0,0,0,2,2,1,1,2,0,2,0,2,0,2,0,1,2,0,0,2,0,2,1,1,1,2,0,0,1,2,2,2,1,1,2,2,2,1,1,1,2,1,2,2,1,2,0,1,0,1,1,2,1,1,1,0,0,1,0,0,1,0,1,0,0,0,0,0,0,0,0,0,0,0,2,16,2
0,0,2,1,1,2,2,0,0,0,0,2,2,1,1,2,0,2,0,2,0,2,0,1,2,0,0,2,0,2,1,1,1,2,0,0,1,2,2,2,1,1,2,2,2,1,1,1,2,1,2,2,1,2,0,1,0,1,1,2,1,1,1,0,0,1,0,0,1,0,1,0,0,0,0,0,0,0,0,0,0,0,1,35,2
0,0,2,1,1,2,2,0,0,0,0,2,2,1,1,2,0,2,0,2,0,2,1,1,2,0,0,2,0,2,1,1,1,2,0,0,1,2,2,2,1,1,2,2,2,1,1,1,2,1,2,2,1,2,0,1,0,1,1,2,1,1,1,0,0,1,0,0,1,0,1,0,0,0,0,0,0,0,0,0,0,0,2,0,2
0,0,2,1,1,2,2,0,0,0,0,2,2,1,1,2,0,2,0,2,0,2,1,1,2,0,0,2,0,2,1,1,1,2,0,0,1,2,2,2,1,1,2,2,2,1,1,1,2,1,2,2,1,2,0,1,0,1,1,2,1,1,1,0,0,1,0,0,1,0,1,0,0,0,0,0,0,0,0,0,0,0,1,0,2
0,0,0,0,0,0,0,0,0,0,0,0,0,0,0,0,0,0,0,0,0,0,0,0,0,0,0,0,0,0,0,0,0,0,0,0,0,0,0,0,0,0,0,0,0,0,0,0,0,0,0,0,0,0,0,0,0,0,0,0,0,0,0,0,0,0,0,0,0,0,0,0,0,0,0,0,0,0,0,0,0,0,1,46,2
0,0,0,0,0,0,0,0,0,0,0,0,0,0,0,0,0,0,0,0,0,0,0,0,0,0,0,0,0,0,0,0,1,0,0,0,0,0,0,0,0,0,0,0,0,0,0,0,0,0,0,0,0,0,0,0,0,0,0,0,0,0,0,0,0,0,0,0,0,0,0,0,0,0,0,0,0,0,0,0,0,0,2,43,2
0,0,0,0,0,0,0,0,0,0,0,0,0,0,0,0,0,0,0,0,0,0,0,0,0,0,0,0,0,2,0,0,1,0,0,0,0,0,0,0,0,0,0,0,0,0,0,0,0,0,0,0,0,0,0,0,0,0,0,0,0,0,0,0,0,0,0,0,0,0,0,0,0,0,0,0,0,0,0,0,0,0,1,76,2
0,0,0,0,0,0,0,0,0,0,0,0,0,0,0,0,0,0,0,0,0,0,0,0,0,0,0,0,0,2,0,0,1,0,0,0,0,0,0,0,0,0,0,0,0,0,0,0,0,0,0,0,0,0,0,0,0,0,0,1,0,0,0,0,0,0,0,0,0,0,0,0,0,0,0,0,0,0,0,0,0,0,2,73,2
0,0,0,0,0,0,0,0,0,0,0,0,0,0,0,0,0,0,0,0,0,0,0,0,0,0,0,0,0,2,0,0,1,0,0,0,0,0,0,0,0,0,0,0,0,0,0,0,0,0,0,0,0,0,0,0,2,0,0,1,0,0,0,0,0,0,0,0,0,0,0,0,0,0,0,0,0,0,0,0,0,0,1,33,2
0,0,0,0,0,0,0,0,0,0,0,0,0,0,0,0,0,0,0,0,1,0,0,0,0,0,0,0,0,2,0,0,1,0,0,0,0,0,0,0,0,0,0,0,0,0,0,0,0,0,0,0,0,0,0,0,2,0,0,1,0,0,0,0,0,0,0,0,0,0,0,0,0,0,0,0,0,0,0,0,0,0,2,34,2
0,0,0,0,0,0,0,0,0,0,0,0,0,0,0,0,0,0,0,0,1,2,0,0,0,0,0,0,0,2,0,0,1,0,0,0,0,0,0,0,0,0,0,0,0,0,0,0,0,0,0,0,0,0,0,0,2,0,0,1,0,0,0,0,0,0,0,0,0,0,0,0,0,0,0,0,0,0,0,0,0,0,1,44,2
0,0,0,0,0,0,0,0,0,0,0,0,0,0,0,0,0,0,0,0,1,2,0,0,0,0,0,0,0,2,1,0,1,0,0,0,0,0,0,0,0,0,0,0,0,0,0,0,0,0,0,0,0,0,0,0,2,0,0,1,0,0,0,0,0,0,0,0,0,0,0,0,0,0,0,0,0,0,0,0,0,0,2,23,2
0,0,0,0,0,0,0,0,0,0,0,2,0,0,0,0,0,0,0,0,1,2,0,0,0,0,0,0,0,2,1,0,1,0,0,0,0,0,0,0,0,0,0,0,0,0,0,0,0,0,0,0,0,0,0,0,2,0,0,1,0,0,0,0,0,0,0,0,0,0,0,0,0,0,0,0,0,0,0,0,0,0,1,32,2
0,0,0,0,0,0,0,0,0,0,0,2,0,0,0,0,0,0,0,1,1,2,0,0,0,0,0,0,0,2,1,0,1,0,0,0,0,0,0,0,0,0,0,0,0,0,0,0,0,0,0,0,0,0,0,0,2,0,0,1,0,0,0,0,0,0,0,0,0,0,0,0,0,0,0,0,0,0,0,0,0,0,2,53,2
0,0,0,0,0,0,0,0,0,0,0,2,0,0,0,0,0,0,0,1,1,2,0,0,0,0,0,0,0,2,1,0,1,0,0,0,0,0,2,0,0,0,0,0,0,0,0,0,0,0,0,0,0,0,0,0,2,0,0,1,0,0,0,0,0,0,0,0,0,0,0,0,0,0,0,0,0,0,0,0,0,0,1,35,2
0,0,0,0,0,0,0,0,0,0,0,2,0,0,0,0,0,0,0,1,1,2,1,0,0,0,0,0,0,2,1,0,1,0,0,0,0,0,2,0,0,0,0,0,0,0,0,0,0,0,0,0,0,0,0,0,2,0,0,1,0,0,0,0,0,0,0,0,0,0,0,0,0,0,0,0,0,0,0,0,0,0,2,24,2
0,0,0,0,0,0,0,0,0,0,0,2,2,0,0,0,0,0,0,1,1,2,1,0,0,0,0,0,0,2,1,0,1,0,0,0,0,0,2,0,0,0,0,0,0,0,0,0,0,0,0,0,0,0,0,0,2,0,0,1,0,0,0,0,0,0,0,0,0,0,0,0,0,0,0,0,0,0,0,0,0,0,1,25,2
0,0,0,0,0,0,0,0,0,0,0,2,2,1,0,0,0,0,0,1,1,2,1,0,0,0,0,0,0,2,1,0,1,0,0,0,0,0,2,0,0,0,0,0,0,0,0,0,0,0,0,0,0,0,0,0,2,0,0,1,0,0,0,0,0,0,0,0,0,0,0,0,0,0,0,0,0,0,0,0,0,0,2,54,2
0,0,0,0,0,0,0,0,0,0,0,2,2,1,0,0,0,0,0,1,1,2,1,0,0,0,0,0,0,2,1,0,1,0,0,0,0,0,2,2,0,0,0,0,0,0,0,0,0,0,0,0,0,0,0,0,2,0,0,1,0,0,0,0,0,0,0,0,0,0,0,0,0,0,0,0,0,0,0,0,0,0,1,45,2
0,0,0,0,0,0,0,0,0,0,0,2,2,1,0,0,0,0,0,1,1,2,1,0,0,0,0,0,0,2,1,1,1,0,0,0,0,0,2,2,0,0,0,0,0,0,0,0,0,0,0,0,0,0,0,0,2,0,0,1,0,0,0,0,0,0,0,0,0,0,0,0,0,0,0,0,0,0,0,0,0,0,2,22,2
0,0,0,0,0,0,0,0,0,0,2,2,2,1,0,0,0,0,0,1,1,2,1,0,0,0,0,0,0,2,1,1,1,0,0,0,0,0,2,2,0,0,0,0,0,0,0,0,0,0,0,0,0,0,0,0,2,0,0,1,0,0,0,0,0,0,0,0,0,0,0,0,0,0,0,0,0,0,0,0,0,0,1,74,2
0,0,0,0,0,0,0,0,0,0,2,2,2,1,0,0,0,0,0,1,1,2,1,0,0,0,0,0,0,2,1,1,1,0,0,0,0,0,2,2,0,0,0,0,0,0,0,0,0,0,0,0,0,0,0,0,2,1,0,1,0,0,0,0,0,0,0,0,0,0,0,0,0,0,0,0,0,0,0,0,0,0,2,65,2
0,0,0,0,0,0,0,0,0,0,2,2,2,1,0,0,0,0,0,1,1,2,1,0,0,0,0,0,0,2,1,1,1,0,0,0,0,0,2,2,0,0,0,0,0,0,0,0,0,2,0,0,0,0,0,0,2,1,0,1,0,0,0,0,0,0,0,0,0,0,0,0,0,0,0,0,0,0,0,0,0,0,1,75,2
0,0,0,0,0,0,0,0,0,0,2,2,2,1,0,0,0,0,0,1,1,2,1,0,0,0,0,0,0,2,1,1,1,0,0,0,0,0,2,2,0,0,0,0,0,0,0,0,0,2,0,0,0,0,0,0,2,1,1,1,0,0,0,0,0,0,0,0,0,0,0,0,0,0,0,0,0,0,0,0,0,0,2,66,2
0,0,0,0,0,0,0,0,0,0,2,2,2,1,0,0,0,0,0,1,1,2,1,0,0,0,0,0,0,2,1,1,1,0,0,0,0,0,2,2,0,0,0,0,0,0,0,0,0,2,2,0,0,0,0,0,2,1,1,1,0,0,0,0,0,0,0,0,0,0,0,0,0,0,0,0,0,0,0,0,0,0,1,67,2
0,0,0,0,0,0,0,0,0,0,2,2,2,1,0,0,0,0,0,1,1,2,1,0,0,0,0,0,0,2,1,1,1,0,0,0,0,0,2,2,0,0,0,0,0,0,0,0,0,2,2,1,0,0,0,0,2,1,1,1,0,0,0,0,0,0,0,0,0,0,0,0,0,0,0,0,0,0,0,0,0,0,2,57,2
0,0,0,0,0,0,0,0,0,0,2,2,2,1,0,0,0,0,0,1,1,2,1,0,0,0,0,0,0,2,1,1,1,0,0,0,0,0,2,2,0,0,2,0,0,0,0,0,0,2,2,1,0,0,0,0,2,1,1,1,0,0,0,0,0,0,0,0,0,0,0,0,0,0,0,0,0,0,0,0,0,0,1,56,2
0,0,0,0,0,0,0,0,0,0,2,2,2,1,0,0,0,0,0,1,1,2,1,0,0,0,0,0,0,2,1,1,1,0,0,0,0,0,2,2,0,1,2,0,0,0,0,0,0,2,2,1,0,0,0,0,2,1,1,1,0,0,0,0,0,0,0,0,0,0,0,0,0,0,0,0,0,0,0,0,0,0,2,77,2
0,0,0,0,0,0,0,0,0,0,2,2,2,1,0,0,0,0,0,1,1,2,1,0,0,0,0,0,0,2,1,1,1,0,0,0,0,0,2,2,0,1,2,0,0,0,0,0,0,2,2,1,0,0,0,0,2,1,1,1,2,0,0,0,0,0,0,0,0,0,0,0,0,0,0,0,0,0,0,0,0,0,1,68,2
0,0,0,0,0,0,0,0,0,0,2,2,2,1,0,0,0,0,0,1,1,2,1,0,0,0,0,0,0,2,1,1,1,0,0,0,0,0,2,2,0,1,2,0,0,0,0,0,0,2,2,1,1,0,0,0,2,1,1,1,2,0,0,0,0,0,0,0,0,0,0,0,0,0,0,0,0,0,0,0,0,0,2,58,2
0,0,0,0,0,0,0,0,0,0,2,2,2,1,0,0,0,0,0,1,1,2,1,0,0,0,0,0,0,2,1,1,1,0,0,0,0,0,2,2,0,1,2,2,0,0,0,0,0,2,2,1,1,0,0,0,2,1,1,1,2,0,0,0,0,0,0,0,0,0,0,0,0,0,0,0,0,0,0,0,0,0,1,78,2
0,0,0,0,0,0,0,0,0,0,2,2,2,1,0,0,0,0,0,1,1,2,1,0,0,0,0,0,0,2,1,1,1,0,0,0,0,0,2,2,0,1,2,2,0,0,0,0,0,2,2,1,1,0,0,0,2,1,1,1,2,1,0,0,0,0,0,0,0,0,0,0,0,0,0,0,0,0,0,0,0,0,2,37,2
0,0,0,0,0,0,0,0,0,0,2,2,2,1,0,0,0,0,0,1,1,2,1,0,2,0,0,0,0,2,1,1,1,0,0,0,0,0,2,2,0,1,2,2,0,0,0,0,0,2,2,1,1,0,0,0,2,1,1,1,2,1,0,0,0,0,0,0,0,0,0,0,0,0,0,0,0,0,0,0,0,0,1,28,2
0,0,0,0,0,0,0,0,0,0,2,2,2,1,0,0,1,0,0,1,1,2,1,0,2,0,0,0,0,2,1,1,1,0,0,0,0,0,2,2,0,1,2,2,0,0,0,0,0,2,2,1,1,0,0,0,2,1,1,1,2,1,0,0,0,0,0,0,0,0,0,0,0,0,0,0,0,0,0,0,0,0,2,26,2
0,0,0,0,0,0,0,0,0,0,2,2,2,1,2,0,1,0,0,1,1,2,1,0,2,0,0,0,0,2,1,1,1,0,0,0,0,0,2,2,0,1,2,2,0,0,0,0,0,2,2,1,1,0,0,0,2,1,1,1,2,1,0,0,0,0,0,0,0,0,0,0,0,0,0,0,0,0,0,0,0,0,1,16,2
0,0,0,0,0,1,0,0,0,0,2,2,2,1,2,0,1,0,0,1,1,2,1,0,2,0,0,0,0,2,1,1,1,0,0,0,0,0,2,2,0,1,2,2,0,0,0,0,0,2,2,1,1,0,0,0,2,1,1,1,2,1,0,0,0,0,0,0,0,0,0,0,0,0,0,0,0,0,0,0,0,0,2,17,2
0,0,0,0,0,1,2,0,0,0,2,2,2,1,2,0,1,0,0,1,1,2,1,0,2,0,0,0,0,2,1,1,1,0,0,0,0,0,2,2,0,1,2,2,0,0,0,0,0,2,2,1,1,0,0,0,2,1,1,1,2,1,0,0,0,0,0,0,0,0,0,0,0,0,0,0,0,0,0,0,0,0,1,15,2
0,0,0,0,1,1,2,0,0,0,2,2,2,1,2,0,1,0,0,1,1,2,1,0,2,0,0,0,0,2,1,1,1,0,0,0,0,0,2,2,0,1,2,2,0,0,0,0,0,2,2,1,1,0,0,0,2,1,1,1,2,1,0,0,0,0,0,0,0,0,0,0,0,0,0,0,0,0,0,0,0,0,2,38,2
0,0,0,0,1,1,2,0,0,0,2,2,2,1,2,0,1,0,0,1,1,2,1,0,2,2,0,0,0,2,1,1,1,0,0,0,0,0,2,2,0,1,2,2,0,0,0,0,0,2,2,1,1,0,0,0,2,1,1,1,2,1,0,0,0,0,0,0,0,0,0,0,0,0,0,0,0,0,0,0,0,0,1,27,2
0,0,0,0,1,1,2,0,0,0,2,2,2,1,2,1,1,0,0,1,1,2,1,0,2,2,0,0,0,2,1,1,1,0,0,0,0,0,2,2,0,1,2,2,0,0,0,0,0,2,2,1,1,0,0,0,2,1,1,1,2,1,0,0,0,0,0,0,0,0,0,0,0,0,0,0,0,0,0,0,0,0,2,36,2
0,0,0,0,1,1,2,0,0,0,2,2,2,1,2,1,1,0,0,1,1,2,1,2,2,2,0,0,0,2,1,1,1,0,0,0,0,0,2,2,0,1,2,2,0,0,0,0,0,2,2,1,1,0,0,0,2,1,1,1,2,1,0,0,0,0,0,0,0,0,0,0,0,0,0,0,0,0,0,0,0,0,1,59,2
0,0,0,0,1,1,2,0,0,0,2,2,2,1,2,1,1,0,0,1,1,2,1,2,2,2,0,0,0,2,1,1,1,0,0,0,0,0,2,2,0,1,2,2,1,0,0,0,0,2,2,1,1,0,0,0,2,1,1,1,2,1,0,0,0,0,0,0,0,0,0,0,0,0,0,0,0,0,0,0,0,0,2,29,2
0,0,0,0,1,1,2,0,0,0,2,2,2,1,2,1,1,2,0,1,1,2,1,2,2,2,0,0,0,2,1,1,1,0,0,0,0,0,2,2,0,1,2,2,1,0,0,0,0,2,2,1,1,0,0,0,2,1,1,1,2,1,0,0,0,0,0,0,0,0,0,0,0,0,0,0,0,0,0,0,0,0,1,18,2
0,0,0,0,1,1,0,1,0,0,2,2,2,1,2,1,1,2,0,1,1,2,1,2,2,2,0,0,0,2,1,1,1,0,0,0,0,0,2,2,0,1,2,2,1,0,0,0,0,2,2,1,1,0,0,0,2,1,1,1,2,1,0,0,0,0,0,0,0,0,0,0,0,0,0,0,0,0,0,0,0,0,2,48,2
0,0,0,0,1,1,0,1,0,0,2,2,2,1,2,1,1,2,0,1,1,2,1,2,2,2,0,0,0,2,1,1,1,0,2,0,0,0,2,2,0,1,2,2,1,0,0,0,0,2,2,1,1,0,0,0,2,1,1,1,2,1,0,0,0,0,0,0,0,0,0,0,0,0,0,0,0,0,0,0,0,0,1,69,2
0,0,0,0,1,1,0,1,0,0,2,2,2,1,2,1,1,2,0,1,1,2,1,2,2,2,0,0,0,2,1,1,1,0,2,0,0,0,2,2,0,1,2,2,1,0,0,0,0,2,2,1,1,1,0,0,2,1,1,1,2,1,0,0,0,0,0,0,0,0,0,0,0,0,0,0,0,0,0,0,0,0,2,87,2
0,0,0,0,1,1,0,1,0,0,2,2,2,1,2,1,1,2,0,1,1,2,1,2,2,2,0,0,0,2,1,1,1,0,2,0,0,0,2,2,0,1,2,2,1,0,0,0,0,2,2,1,1,1,0,0,2,1,1,1,2,1,0,0,0,0,0,0,0,2,0,0,0,0,0,0,0,0,0,0,0,0,1,88,2
0,0,0,0,1,1,0,1,0,0,2,2,2,1,2,1,1,2,0,1,1,2,1,2,2,2,0,0,0,2,1,1,1,0,2,0,0,0,2,2,0,1,2,2,1,0,0,0,0,2,2,1,1,1,0,0,2,1,1,1,2,1,0,0,0,0,0,0,0,2,1,0,0,0,0,0,0,0,0,0,0,0,2,14,2
0,0,0,2,1,1,0,1,0,0,2,2,2,1,2,1,1,2,0,1,1,2,1,2,2,2,0,0,0,2,1,1,1,0,2,0,0,0,2,2,0,1,2,2,1,0,0,0,0,2,2,1,1,1,0,0,2,1,1,1,2,1,0,0,0,0,0,0,0,2,1,0,0,0,0,0,0,0,0,0,0,0,1,49,2
0,0,0,2,1,1,0,1,0,0,2,2,2,1,2,1,1,2,0,1,1,2,1,2,2,2,0,0,0,2,1,1,1,0,2,1,0,0,2,2,0,1,2,2,1,0,0,0,0,2,2,1,1,1,0,0,2,1,1,1,2,1,0,0,0,0,0,0,0,2,1,0,0,0,0,0,0,0,0,0,0,0,2,39,2
0,0,0,2,1,1,0,1,0,0,2,2,2,1,2,1,1,2,0,1,1,2,1,2,2,2,2,0,0,2,1,1,1,0,2,1,0,0,2,2,0,1,2,2,1,0,0,0,0,2,2,1,1,1,0,0,2,1,1,1,2,1,0,0,0,0,0,0,0,2,1,0,0,0,0,0,0,0,0,0,0,0,1,47,2
0,0,0,2,1,1,0,1,0,0,2,2,2,1,2,1,1,2,0,1,1,2,1,2,2,2,2,0,0,2,1,1,1,1,2,1,0,0,2,2,0,1,2,2,1,0,0,0,0,2,2,1,1,1,0,0,2,1,1,1,2,1,0,0,0,0,0,0,0,2,1,0,0,0,0,0,0,0,0,0,0,0,2,83,2
0,0,0,2,1,1,0,1,0,0,2,2,2,1,2,1,1,2,0,1,1,2,1,2,2,2,2,0,0,2,1,1,1,1,2,1,0,0,2,2,0,1,2,2,1,0,0,0,0,2,2,1,1,1,0,0,2,1,1,1,2,1,0,0,0,2,0,0,0,2,1,0,0,0,0,0,0,0,0,0,0,0,1,86,2
0,0,0,2,1,1,0,1,0,0,2,2,2,1,2,1,1,2,0,1,1,2,1,2,2,2,2,0,0,2,1,1,1,1,2,1,0,0,2,2,0,1,2,2,1,0,0,0,0,2,2,1,1,1,0,0,2,1,1,1,2,1,0,0,0,2,0,0,1,2,1,0,0,0,0,0,0,0,0,0,0,0,2,84,2
0,0,0,2,1,1,0,1,0,0,2,2,2,1,2,1,1,2,0,1,1,2,1,2,2,2,2,0,0,2,1,1,1,1,2,1,0,0,2,2,0,1,2,2,1,0,0,0,0,2,2,1,1,1,0,0,2,1,1,1,2,1,0,0,0,2,2,0,1,2,1,0,0,0,0,0,0,0,0,0,0,0,1,85,2
0,0,0,2,1,1,0,1,0,0,2,2,2,1,2,1,1,2,0,1,1,2,1,2,2,2,2,0,0,2,1,1,1,1,2,1,0,0,2,2,0,1,2,2,1,0,0,0,0,2,2,1,1,1,0,0,2,1,1,1,2,1,0,0,0,2,2,1,1,2,1,0,0,0,0,0,0,0,0,0,0,0,2,64,2
0,0,0,2,1,1,0,1,0,0,2,2,2,1,2,1,1,2,0,1,1,2,1,2,2,2,2,0,0,2,1,1,1,1,2,1,0,0,2,2,0,1,2,2,1,0,0,0,2,2,2,1,1,1,0,0,2,1,1,1,2,1,0,0,0,2,2,1,1,2,1,0,0,0,0,0,0,0,0,0,0,0,1,97,2
0,0,0,2,1,1,0,1,0,0,2,2,2,1,2,1,1,2,0,1,1,2,1,2,2,2,2,0,0,2,1,1,1,1,2,1,0,0,2,2,0,1,2,2,1,0,0,0,2,2,2,1,1,1,0,0,2,1,1,1,0,1,0,0,0,2,2,1,1,0,1,0,0,0,0,0,0,0,1,0,0,0,2,95,2
0,0,0,2,1,1,0,1,0,0,2,2,2,1,2,1,1,2,0,1,1,2,1,2,2,2,2,0,0,2,1,1,1,1,2,1,0,0,2,2,0,1,2,2,1,0,0,0,2,2,2,1,1,1,0,0,2,1,1,1,0,1,0,0,0,2,2,1,1,0,1,0,0,0,0,0,2,0,1,0,0,0,1,96,2
0,0,0,2,1,1,0,1,0,0,2,2,2,1,2,1,1,2,0,1,1,2,1,2,2,2,2,0,0,2,1,1,1,1,2,1,0,0,2,2,0,1,2,2,1,0,0,0,2,2,2,1,1,1,0,0,2,1,1,1,0,1,0,0,0,2,2,1,1,0,1,0,0,0,0,0,2,1,1,0,0,0,2,94,2
0,0,0,2,1,1,0,1,0,0,2,2,2,1,2,1,1,2,0,1,1,2,1,2,2,2,2,0,0,2,1,1,1,1,2,1,0,0,2,2,0,1,2,2,1,0,0,0,2,2,2,1,1,1,0,0,2,1,1,1,0,1,0,0,0,2,2,1,1,0,1,0,0,0,0,2,2,1,1,0,0,0,1,19,2
0,0,0,2,1,1,0,1,1,0,2,2,2,1,0,1,1,0,0,1,1,2,1,0,0,0,0,0,0,2,1,1,1,1,0,1,0,0,2,2,0,1,0,0,1,0,0,0,2,2,2,1,1,1,0,0,2,1,1,1,0,1,0,0,0,2,2,1,1,0,1,0,0,0,0,2,2,1,1,0,0,0,2,55,2
0,0,0,2,1,1,0,1,1,0,2,2,2,1,0,1,1,0,0,1,1,2,1,0,0,0,0,0,0,2,1,1,1,1,0,1,0,0,2,2,2,1,0,0,1,0,0,0,2,2,2,1,1,1,0,0,2,1,1,1,0,1,0,0,0,2,2,1,1,0,1,0,0,0,0,2,2,1,1,0,0,0,1,0,2
0,0,0,2,1,1,0,1,1,0,2,2,2,1,0,1,1,0,0,1,1,2,1,0,0,0,0,0,0,2,1,1,1,1,0,1,0,0,2,2,2,1,0,0,1,0,0,0,2,2,2,1,1,1,0,0,2,1,1,1,0,1,0,0,0,2,2,1,1,0,1,0,0,0,0,2,2,1,1,0,0,0,2,0,2
0,0,0,0,0,0,0,0,0,0,0,0,0,0,0,0,0,0,0,0,0,0,0,0,0,0,0,0,0,0,0,0,0,0,0,0,0,0,0,0,0,0,0,0,0,0,0,0,0,0,0,0,0,0,0,0,0,0,0,0,0,0,0,0,0,0,0,0,0,0,0,0,0,0,0,0,0,0,0,0,0,0,1,55,1
0,0,0,0,0,0,0,0,0,0,0,0,0,0,0,0,0,0,0,0,0,0,0,0,0,0,0,0,0,0,0,0,0,0,0,0,0,0,0,0,1,0,0,0,0,0,0,0,0,0,0,0,0,0,0,0,0,0,0,0,0,0,0,0,0,0,0,0,0,0,0,0,0,0,0,0,0,0,0,0,0,0,2,56,1
0,0,0,0,0,0,0,0,0,0,0,0,0,0,0,0,0,0,0,0,0,0,0,0,0,0,0,0,0,0,0,0,0,0,0,0,0,0,0,0,1,2,0,0,0,0,0,0,0,0,0,0,0,0,0,0,0,0,0,0,0,0,0,0,0,0,0,0,0,0,0,0,0,0,0,0,0,0,0,0,0,0,1,46,1
0,0,0,0,0,0,0,0,0,0,0,0,0,0,0,0,0,0,0,0,0,0,0,0,0,0,0,0,0,0,0,0,1,0,0,0,0,0,0,0,1,2,0,0,0,0,0,0,0,0,0,0,0,0,0,0,0,0,0,0,0,0,0,0,0,0,0,0,0,0,0,0,0,0,0,0,0,0,0,0,0,0,2,45,1
0,0,0,0,0,0,0,0,0,0,0,0,0,0,0,0,0,0,0,0,0,0,0,0,0,0,0,0,0,0,0,2,1,0,0,0,0,0,0,0,1,2,0,0,0,0,0,0,0,0,0,0,0,0,0,0,0,0,0,0,0,0,0,0,0,0,0,0,0,0,0,0,0,0,0,0,0,0,0,0,0,0,1,65,1
0,0,0,0,0,0,0,0,0,0,0,0,0,0,0,0,0,0,0,0,0,0,0,0,0,0,0,0,0,0,0,2,1,0,0,0,0,0,0,0,1,2,0,0,0,0,0,0,0,1,0,0,0,0,0,0,0,0,0,0,0,0,0,0,0,0,0,0,0,0,0,0,0,0,0,0,0,0,0,0,0,0,2,57,1
0,0,0,0,0,0,0,0,0,0,0,0,0,0,0,0,0,0,0,0,0,0,0,0,0,0,0,0,0,0,0,2,1,0,0,0,0,0,0,0,1,2,2,0,0,0,0,0,0,1,0,0,0,0,0,0,0,0,0,0,0,0,0,0,0,0,0,0,0,0,0,0,0,0,0,0,0,0,0,0,0,0,1,35,1
0,0,0,0,0,0,0,0,0,0,0,0,0,0,0,0,0,0,0,0,0,0,1,0,0,0,0,0,0,0,0,2,1,0,0,0,0,0,0,0,1,2,2,0,0,0,0,0,0,1,0,0,0,0,0,0,0,0,0,0,0,0,0,0,0,0,0,0,0,0,0,0,0,0,0,0,0,0,0,0,0,0,2,44,1
0,0,0,0,0,0,0,0,0,0,0,0,0,0,0,0,0,0,0,0,0,0,1,0,0,0,0,0,0,0,2,2,1,0,0,0,0,0,0,0,1,2,2,0,0,0,0,0,0,1,0,0,0,0,0,0,0,0,0,0,0,0,0,0,0,0,0,0,0,0,0,0,0,0,0,0,0,0,0,0,0,0,1,47,1
0,0,0,0,0,0,0,0,0,0,0,0,0,0,0,0,0,0,0,0,0,0,1,0,0,0,0,0,0,0,2,2,1,1,0,0,0,0,0,0,1,2,2,0,0,0,0,0,0,1,0,0,0,0,0,0,0,0,0,0,0,0,0,0,0,0,0,0,0,0,0,0,0,0,0,0,0,0,0,0,0,0,2,34,1
0,0,0,0,0,0,0,0,0,0,0,0,0,0,0,0,0,0,0,0,0,2,1,0,0,0,0,0,0,0,2,2,1,1,0,0,0,0,0,0,1,2,2,0,0,0,0,0,0,1,0,0,0,0,0,0,0,0,0,0,0,0,0,0,0,0,0,0,0,0,0,0,0,0,0,0,0,0,0,0,0,0,1,58,1
0,0,0,0,0,0,0,0,0,0,0,0,0,0,0,0,0,0,0,0,0,2,1,0,0,0,0,0,0,0,2,2,1,1,0,0,0,0,0,0,1,2,2,1,0,0,0,0,0,1,0,0,0,0,0,0,0,0,0,0,0,0,0,0,0,0,0,0,0,0,0,0,0,0,0,0,0,0,0,0,0,0,2,67,1
0,0,0,0,0,0,0,0,0,0,0,0,0,0,0,0,0,0,0,0,0,2,1,0,0,0,0,0,0,0,2,2,1,1,0,0,0,0,0,0,1,2,2,1,0,0,0,0,0,1,0,2,0,0,0,0,0,0,0,0,0,0,0,0,0,0,0,0,0,0,0,0,0,0,0,0,0,0,0,0,0,0,1,68,1
0,0,0,0,0,0,0,0,0,0,0,0,0,0,0,0,0,0,0,0,0,2,1,0,0,0,0,0,0,0,2,2,1,1,0,0,0,0,0,0,1,2,2,1,0,0,0,0,0,1,0,2,1,0,0,0,0,0,0,0,0,0,0,0,0,0,0,0,0,0,0,0,0,0,0,0,0,0,0,0,0,0,2,77,1
0,0,0,0,0,0,0,0,0,0,0,0,0,0,0,0,0,0,0,0,0,2,1,0,0,0,0,0,0,0,2,2,1,1,0,0,0,0,0,0,1,2,2,1,0,0,0,0,0,1,0,2,1,0,0,0,0,0,0,0,2,0,0,0,0,0,0,0,0,0,0,0,0,0,0,0,0,0,0,0,0,0,1,78,1
0,0,0,0,0,0,0,0,0,0,0,0,0,0,0,0,0,0,0,0,0,2,1,0,0,0,0,0,0,0,2,2,1,1,0,0,0,0,0,0,1,2,2,1,0,0,0,0,0,1,0,2,1,0,0,0,0,0,0,0,2,1,0,0,0,0,0,0,0,0,0,0,0,0,0,0,0,0,0,0,0,0,2,74,1
0,0,0,0,0,0,0,0,0,0,0,0,0,0,0,0,0,0,0,0,0,2,1,0,0,0,0,0,0,0,2,2,1,1,0,0,0,0,0,0,1,2,2,1,0,0,0,0,0,1,0,2,1,0,0,0,0,2,0,0,2,1,0,0,0,0,0,0,0,0,0,0,0,0,0,0,0,0,0,0,0,0,1,75,1
0,0,0,0,0,0,0,0,0,0,0,0,0,0,0,0,0,0,0,0,0,2,1,0,0,0,0,0,0,0,2,2,1,1,0,0,0,0,0,0,1,2,2,1,0,0,0,0,0,1,0,2,1,0,0,0,0,2,1,0,2,1,0,0,0,0,0,0,0,0,0,0,0,0,0,0,0,0,0,0,0,0,2,63,1
0,0,0,0,0,0,0,0,0,0,0,0,0,0,0,0,0,0,0,0,0,2,1,0,0,0,0,0,0,0,2,2,1,1,0,0,0,0,0,0,1,2,2,1,0,0,0,2,0,1,0,2,1,0,0,0,0,2,1,0,2,1,0,0,0,0,0,0,0,0,0,0,0,0,0,0,0,0,0,0,0,0,1,26,1
0,0,0,0,0,0,0,0,0,0,0,0,0,0,1,0,0,0,0,0,0,2,1,0,0,0,0,0,0,0,2,2,1,1,0,0,0,0,0,0,1,2,2,1,0,0,0,2,0,1,0,2,1,0,0,0,0,2,1,0,2,1,0,0,0,0,0,0,0,0,0,0,0,0,0,0,0,0,0,0,0,0,2,25,1
0,0,0,0,0,0,0,0,0,0,0,0,0,2,1,0,0,0,0,0,0,2,1,0,0,0,0,0,0,0,2,2,1,1,0,0,0,0,0,0,1,2,2,1,0,0,0,2,0,1,0,2,1,0,0,0,0,2,1,0,2,1,0,0,0,0,0,0,0,0,0,0,0,0,0,0,0,0,0,0,0,0,1,36,1
0,0,0,0,0,0,0,0,0,0,0,0,0,2,1,0,0,0,0,0,0,2,1,1,0,0,0,0,0,0,2,2,1,1,0,0,0,0,0,0,1,2,2,1,0,0,0,2,0,1,0,2,1,0,0,0,0,2,1,0,2,1,0,0,0,0,0,0,0,0,0,0,0,0,0,0,0,0,0,0,0,0,2,84,1
0,0,0,0,0,0,0,0,0,0,0,0,0,2,1,0,0,0,0,0,0,2,1,1,0,0,0,0,0,0,2,2,1,1,0,0,0,0,0,0,1,2,2,1,0,0,0,2,0,1,0,2,1,0,0,0,0,2,1,0,2,1,0,0,0,0,2,0,0,0,0,0,0,0,0,0,0,0,0,0,0,0,1,85,1
0,0,0,0,0,0,0,0,0,0,0,0,0,2,1,0,0,0,0,0,0,2,1,1,0,0,0,0,0,0,2,2,1,1,0,0,0,0,0,0,1,2,2,1,0,0,0,2,0,1,0,2,1,0,0,0,0,2,1,0,2,1,0,0,0,0,2,1,0,0,0,0,0,0,0,0,0,0,0,0,0,0,2,88,1
0,0,0,0,0,0,0,0,0,0,0,0,0,2,1,0,0,0,0,0,0,2,1,1,0,0,0,0,0,0,2,2,1,1,0,0,0,0,0,0,1,2,2,1,0,0,0,2,0,1,0,2,1,0,0,0,0,2,1,0,2,1,0,0,0,0,2,1,0,0,2,0,0,0,0,0,0,0,0,0,0,0,1,94,1
0,0,0,0,0,0,0,0,0,0,0,0,0,2,1,0,0,0,0,0,0,2,1,1,0,0,0,0,0,0,2,2,1,1,0,0,0,0,0,0,1,2,2,1,0,0,0,2,0,1,0,2,1,0,0,0,0,2,1,0,2,1,0,0,0,0,2,1,0,0,2,0,0,0,0,1,0,0,0,0,0,0,2,83,1
0,0,0,0,0,0,0,0,0,0,0,0,0,2,1,0,0,0,0,0,0,2,1,1,0,0,0,0,0,0,2,2,1,1,0,0,0,0,0,0,1,2,2,1,0,0,0,2,0,1,0,2,1,0,0,0,0,2,1,0,2,1,0,0,0,2,2,1,0,0,2,0,0,0,0,1,0,0,0,0,0,0,1,87,1
0,0,0,0,0,0,0,0,0,0,0,0,0,2,1,0,0,0,0,0,0,2,1,1,0,0,0,0,0,0,2,2,1,1,0,0,0,0,0,0,1,2,2,1,0,0,0,2,0,1,0,2,1,0,0,0,0,2,1,0,2,1,0,0,0,2,2,1,0,1,2,0,0,0,0,1,0,0,0,0,0,0,2,86,1
0,0,0,0,0,0,0,0,0,0,0,0,0,2,1,0,0,0,0,0,0,2,1,1,0,0,0,0,0,0,2,2,1,1,0,0,0,0,0,0,1,2,2,1,0,0,0,2,0,1,0,2,1,0,0,0,0,2,1,0,2,1,0,0,0,2,2,1,2,1,2,0,0,0,0,1,0,0,0,0,0,0,1,97,1
0,0,0,0,0,0,0,0,0,0,0,0,0,2,1,0,0,0,0,0,0,2,1,1,0,0,0,0,0,0,2,2,1,1,0,0,0,0,0,0,1,2,2,1,0,0,0,2,0,1,0,2,1,0,0,0,0,2,1,0,2,1,0,0,0,2,2,1,2,1,2,0,0,0,0,1,0,0,1,0,0,0,2,98,1
0,0,0,0,0,0,0,0,0,0,0,0,0,2,1,0,0,0,0,0,0,2,1,1,0,0,0,0,0,0,2,2,1,1,0,0,0,0,0,0,1,2,2,1,0,0,0,2,0,1,0,2,1,0,0,0,0,2,1,0,2,1,0,0,0,2,2,1,2,1,2,0,0,0,0,1,0,0,1,2,0,0,1,76,1
0,0,0,0,0,0,0,0,0,0,0,0,0,2,1,0,0,0,0,0,0,2,1,1,0,0,0,0,0,0,2,2,1,1,0,0,0,0,0,0,1,2,2,1,0,0,0,2,0,1,0,2,1,0,0,0,0,2,1,1,2,1,0,0,0,2,2,1,2,1,2,0,0,0,0,1,0,0,1,2,0,0,2,15,1
0,0,0,0,2,0,0,0,0,0,0,0,0,2,1,0,0,0,0,0,0,2,1,1,0,0,0,0,0,0,2,2,1,1,0,0,0,0,0,0,1,2,2,1,0,0,0,2,0,1,0,2,1,0,0,0,0,2,1,1,2,1,0,0,0,2,2,1,2,1,2,0,0,0,0,1,0,0,1,2,0,0,1,16,1
0,0,0,0,2,1,0,0,0,0,0,0,0,2,1,0,0,0,0,0,0,2,1,1,0,0,0,0,0,0,2,2,1,1,0,0,0,0,0,0,1,2,2,1,0,0,0,2,0,1,0,2,1,0,0,0,0,2,1,1,2,1,0,0,0,2,2,1,2,1,2,0,0,0,0,1,0,0,1,2,0,0,2,96,1
0,0,0,0,2,1,0,0,0,0,0,0,0,2,1,0,0,0,0,0,0,2,1,1,0,0,0,0,0,0,2,2,1,1,0,0,0,0,0,0,1,2,2,1,0,0,0,2,0,1,0,2,1,0,0,0,0,2,1,1,2,1,0,0,0,2,2,1,2,0,2,0,0,0,0,1,0,2,0,2,0,0,1,87,1
0,0,0,0,2,1,0,0,0,0,0,0,0,2,1,0,0,0,0,0,0,2,1,1,0,0,0,0,0,0,2,2,1,1,0,0,0,0,0,0,1,2,2,1,0,0,0,2,0,1,0,2,1,0,0,0,0,2,1,1,2,1,0,0,0,2,2,1,2,1,2,0,0,0,0,1,0,2,0,2,0,0,2,93,1
0,0,0,0,2,1,0,0,0,0,0,0,0,2,1,0,0,0,0,0,0,2,1,1,0,0,0,0,0,0,2,2,1,1,0,0,0,0,0,0,1,2,2,1,0,0,0,2,0,1,0,2,1,0,0,0,0,2,1,1,2,1,0,0,0,2,2,1,2,1,2,0,0,0,2,1,0,2,0,2,0,0,1,95,1
0,0,0,0,2,1,0,0,0,0,0,0,0,2,1,0,0,0,0,0,0,2,1,1,0,0,0,0,0,0,2,2,1,1,0,0,0,0,0,0,1,2,2,1,0,0,0,2,0,1,0,2,1,0,0,0,0,2,1,1,2,1,0,0,0,2,2,1,2,1,2,0,0,0,2,1,1,2,0,2,0,0,2,97,1
0,0,0,0,2,1,0,0,0,0,0,0,0,2,1,0,0,0,0,0,0,2,1,1,0,0,0,0,0,0,2,2,1,1,0,0,0,0,0,0,1,2,2,1,0,0,0,2,0,1,0,2,1,0,0,0,0,2,1,1,2,1,0,0,0,2,2,1,2,0,2,0,0,0,2,1,1,2,2,2,0,0,1,66,1
0,0,0,0,2,1,0,0,0,0,0,0,0,2,1,0,0,0,0,0,0,2,1,1,0,0,0,0,0,0,2,2,1,1,0,0,0,0,0,0,1,2,2,1,0,0,0,2,0,1,1,2,1,0,0,0,0,2,1,1,2,1,0,0,0,2,2,1,2,0,2,0,0,0,2,1,1,2,2,2,0,0,2,87,1
0,0,0,0,2,1,0,0,0,0,0,0,0,2,1,0,0,0,0,0,0,2,1,1,0,0,0,0,0,0,2,2,1,1,0,0,0,0,0,0,1,2,2,1,0,0,0,2,0,1,1,2,1,0,0,0,0,2,1,1,2,1,0,0,0,2,2,1,2,2,2,0,0,0,2,1,1,2,2,2,0,0,1,89,1
0,0,0,0,2,1,0,0,0,0,0,0,0,2,1,0,0,0,0,0,0,2,1,1,0,0,0,0,0,0,2,2,1,1,0,0,0,0,0,0,1,2,2,1,0,0,0,2,0,1,1,2,1,0,0,0,0,2,1,1,2,1,0,0,0,2,2,1,2,2,2,1,0,0,2,1,1,2,2,2,0,0,2,54,1
0,0,0,0,2,1,0,0,0,0,0,0,0,2,1,0,0,0,0,0,0,2,1,1,0,0,0,0,0,0,2,2,1,1,0,0,0,0,0,2,1,2,2,1,0,0,0,2,0,1,1,2,1,0,0,0,0,2,1,1,2,1,0,0,0,2,2,1,2,2,2,1,0,0,2,1,1,2,2,2,0,0,1,99,1
0,0,0,0,2,1,0,0,0,0,0,0,0,2,1,0,0,0,0,0,0,2,1,1,0,0,0,0,0,0,2,2,1,1,0,0,0,0,0,2,1,0,0,1,0,0,0,2,0,1,1,0,1,0,0,0,0,2,1,1,0,1,0,0,0,2,2,1,0,0,0,1,0,0,2,1,1,0,0,0,1,0,2,24,1
0,0,0,0,2,1,0,0,0,0,0,0,2,2,1,0,0,0,0,0,0,2,1,1,0,0,0,0,0,0,2,2,1,1,0,0,0,0,0,2,1,0,0,1,0,0,0,2,0,1,1,0,1,0,0,0,0,2,1,1,0,1,0,0,0,2,2,1,0,0,0,1,0,0,2,1,1,0,0,0,1,0,1,64,1
0,0,0,0,2,1,0,0,0,0,0,0,2,2,1,0,0,0,0,0,0,2,1,1,0,0,0,0,0,0,2,2,1,1,0,0,0,0,0,2,1,0,0,1,0,0,0,2,1,1,1,0,1,0,0,0,0,2,1,1,0,1,0,0,0,2,2,1,0,0,0,1,0,0,2,1,1,0,0,0,1,0,2,52,1
0,0,0,0,2,1,0,0,0,0,0,0,2,2,1,0,0,0,0,0,0,2,1,1,0,0,0,0,0,0,2,2,1,1,0,0,0,2,0,2,1,0,0,1,0,0,0,2,1,1,1,0,1,0,0,0,0,2,1,1,0,1,0,0,0,2,2,1,0,0,0,1,0,0,2,1,1,0,0,0,1,0,1,0,1
0,0,0,0,2,1,0,0,0,0,0,0,2,2,1,0,0,0,0,0,0,2,1,1,0,0,0,0,0,0,2,2,1,1,0,0,0,2,0,2,1,0,0,1,0,0,0,2,1,1,1,0,1,0,0,0,0,2,1,1,0,1,0,0,0,2,2,1,0,0,0,1,0,0,2,1,1,0,0,0,1,0,2,0,1
