0,0,0,0,0,0,0,0,0,0,0,0,0,0,0,0,0,0,0,0,0,0,0,0,0,0,0,0,0,0,0,0,0,0,0,0,0,0,0,0,0,0,0,0,0,0,0,0,1,0,0,0,0,0,0,0,0,0,0,0,0,0,0,0,0,0,0,0,0,0,0,0,0,0,0,0,0,0,0,0,0,1,0,0,0.1
0,0,0,0,0,0,0,0,0,0,0,0,0,0,0,0,0,0,0,0,0,0,0,0,0,0,0,0,0,0,0,0,-1,0,0,0,0,0,0,0,0,0,0,0,0,0,0,0,1,0,0,0,0,0,0,0,0,0,0,0,0,0,0,0,0,0,0,0,0,0,0,0,0,0,0,0,0,0,0,0,0,-1,0,0,0.11538461538461539
0,0,0,0,0,0,0,0,0,0,0,0,0,0,0,0,0,0,0,0,0,0,0,0,0,0,0,0,0,0,0,0,-1,0,0,0,0,0,0,0,0,1,0,0,0,0,0,0,1,0,0,0,0,0,0,0,0,0,0,0,0,0,0,0,0,0,0,0,0,0,0,0,0,0,0,0,0,0,0,0,0,1,0,0,0.13076923076923078
0,0,0,0,0,0,0,0,0,0,0,0,0,0,0,0,0,0,0,0,0,0,0,0,0,0,0,0,0,0,0,0,-1,0,0,0,0,0,0,0,0,1,-1,0,0,0,0,0,1,0,0,0,0,0,0,0,0,0,0,0,0,0,0,0,0,0,0,0,0,0,0,0,0,0,0,0,0,0,0,0,0,-1,0,0,0.14615384615384616
0,0,0,0,0,0,0,0,0,0,0,0,0,0,0,0,0,0,0,0,0,0,0,0,0,0,0,0,0,0,0,0,-1,0,0,0,0,0,0,0,0,1,-1,0,0,0,0,0,1,0,0,1,0,0,0,0,0,0,0,0,0,0,0,0,0,0,0,0,0,0,0,0,0,0,0,0,0,0,0,0,0,1,0,0,0.16153846153846155
0,0,0,0,0,0,0,0,0,0,0,0,0,0,0,0,0,0,0,0,0,0,0,0,0,0,0,0,0,0,0,0,-1,-1,0,0,0,0,0,0,0,1,-1,0,0,0,0,0,1,0,0,1,0,0,0,0,0,0,0,0,0,0,0,0,0,0,0,0,0,0,0,0,0,0,0,0,0,0,0,0,0,-1,0,0,0.17692307692307693
0,0,0,0,0,0,0,0,0,0,0,0,0,0,0,0,0,0,0,0,0,0,0,0,0,0,0,0,0,0,0,0,-1,-1,0,0,0,0,0,0,1,1,-1,0,0,0,0,0,1,0,0,1,0,0,0,0,0,0,0,0,0,0,0,0,0,0,0,0,0,0,0,0,0,0,0,0,0,0,0,0,0,1,0,0,0.19230769230769232
0,0,0,0,0,0,0,0,0,0,0,0,0,0,0,0,0,0,0,0,0,-1,0,0,0,0,0,0,0,0,0,0,-1,-1,0,0,0,0,0,0,1,1,-1,0,0,0,0,0,1,0,0,1,0,0,0,0,0,0,0,0,0,0,0,0,0,0,0,0,0,0,0,0,0,0,0,0,0,0,0,0,0,-1,0,0,0.2076923076923077
0,0,0,0,0,0,0,0,0,0,0,0,0,0,0,0,0,0,0,0,0,-1,0,0,0,0,0,0,0,0,0,0,-1,-1,0,0,0,0,0,0,1,1,-1,0,0,0,0,0,1,0,0,1,1,0,0,0,0,0,0,0,0,0,0,0,0,0,0,0,0,0,0,0,0,0,0,0,0,0,0,0,0,1,0,0,0.2230769230769231
0,0,0,0,0,0,0,0,0,0,0,0,0,0,0,0,0,0,0,0,0,-1,0,0,0,0,0,0,0,0,0,0,-1,-1,0,0,0,0,0,0,1,1,-1,0,0,0,0,0,1,0,0,1,1,0,0,0,-1,0,0,0,0,0,0,0,0,0,0,0,0,0,0,0,0,0,0,0,0,0,0,0,0,-1,0,0,0.23846153846153847
0,0,0,0,0,0,0,0,0,0,0,0,0,0,0,0,0,0,0,0,0,-1,0,0,0,0,0,0,0,0,0,0,-1,-1,0,0,0,0,0,0,1,1,-1,0,0,0,0,1,1,0,0,1,1,0,0,0,-1,0,0,0,0,0,0,0,0,0,0,0,0,0,0,0,0,0,0,0,0,0,0,0,0,1,0,0,0.25384615384615383
0,0,0,0,0,0,0,0,0,0,0,0,0,0,0,0,0,0,0,0,0,-1,0,0,0,0,0,0,0,0,0,0,-1,-1,0,0,0,0,0,0,1,1,-1,0,0,0,0,1,1,0,0,1,1,0,0,0,-1,0,0,0,0,0,0,0,0,0,-1,0,0,0,0,0,0,0,0,0,0,0,0,0,0,-1,0,0,0.2692307692307693
0,0,0,0,0,0,0,0,0,0,0,0,0,0,0,0,0,0,0,0,0,-1,0,0,0,0,0,0,0,0,0,0,-1,-1,0,0,0,0,0,0,1,1,-1,0,0,0,0,1,1,0,0,1,1,0,0,0,-1,0,0,0,0,0,0,0,0,0,-1,0,1,0,0,0,0,0,0,0,0,0,0,0,0,1,0,0,0.2846153846153846
0,0,0,0,0,0,0,0,0,0,0,0,0,0,0,0,0,0,0,0,0,-1,0,0,0,0,0,0,0,0,0,0,-1,-1,0,0,0,0,0,0,1,1,-1,0,0,0,0,1,1,0,0,1,1,0,0,0,-1,0,0,-1,0,0,0,0,0,0,-1,0,1,0,0,0,0,0,0,0,0,0,0,0,0,-1,0,0,0.30000000000000004
0,0,0,0,0,0,0,0,0,0,0,0,0,0,0,0,0,0,0,0,0,-1,0,0,0,0,0,0,0,0,0,0,-1,-1,0,0,0,0,0,0,1,1,-1,0,0,0,0,1,1,0,0,1,1,0,0,0,-1,0,0,-1,0,0,0,0,0,0,-1,1,1,0,0,0,0,0,0,0,0,0,0,0,0,1,0,0,0.3153846153846154
0,0,0,0,0,0,0,0,0,0,0,0,0,0,0,0,0,0,0,0,0,-1,0,0,0,0,0,0,0,0,0,0,-1,-1,0,0,0,0,0,0,1,1,-1,0,0,0,-1,1,1,0,0,1,1,0,0,0,-1,0,0,-1,0,0,0,0,0,0,-1,1,1,0,0,0,0,0,0,0,0,0,0,0,0,-1,0,0,0.3307692307692308
0,0,0,0,0,0,0,0,0,0,0,0,0,0,0,0,0,0,0,0,0,-1,0,0,0,0,0,0,0,0,0,0,-1,-1,0,0,0,1,0,0,1,1,-1,0,0,0,-1,1,1,0,0,1,1,0,0,0,-1,0,0,-1,0,0,0,0,0,0,-1,1,1,0,0,0,0,0,0,0,0,0,0,0,0,1,0,0,0.34615384615384615
0,0,0,0,0,0,0,0,0,0,0,0,0,0,0,0,0,0,0,0,0,-1,0,0,0,0,0,0,0,0,0,0,-1,-1,0,0,0,1,0,0,1,1,-1,0,0,0,-1,1,1,0,0,1,1,0,0,-1,-1,0,0,-1,0,0,0,0,0,0,-1,1,1,0,0,0,0,0,0,0,0,0,0,0,0,-1,0,0,0.3615384615384616
0,0,0,0,0,0,0,0,0,0,0,0,0,0,0,0,0,0,0,0,0,-1,0,0,0,0,0,0,0,0,0,0,-1,-1,0,0,0,1,0,0,1,1,-1,0,0,0,-1,1,1,0,0,1,1,0,0,-1,-1,1,0,-1,0,0,0,0,0,0,-1,1,1,0,0,0,0,0,0,0,0,0,0,0,0,1,0,0,0.3769230769230769
0,0,0,0,0,0,0,0,0,0,0,0,0,0,0,0,0,0,0,0,0,-1,0,0,0,0,0,0,0,0,0,0,-1,-1,0,0,0,1,0,0,1,1,-1,0,0,0,-1,1,1,0,0,1,1,0,0,-1,-1,1,0,-1,0,0,0,0,0,0,-1,1,1,0,0,0,0,0,-1,0,0,0,0,0,0,-1,0,0,0.39230769230769236
0,0,0,0,0,0,0,0,0,0,0,0,0,0,0,0,0,0,0,0,0,-1,0,0,0,0,0,0,0,0,0,0,-1,-1,0,0,0,1,0,0,1,1,-1,0,0,0,-1,1,1,0,0,1,1,0,0,-1,-1,1,0,-1,0,0,0,1,0,0,-1,1,1,0,0,0,0,0,-1,0,0,0,0,0,0,1,0,0,0.4076923076923077
0,0,0,0,0,0,0,0,0,0,0,0,0,0,0,0,0,0,0,0,0,-1,0,0,0,0,0,0,0,0,0,0,-1,-1,0,0,0,1,0,0,1,1,-1,0,0,0,-1,1,1,0,0,1,1,0,0,-1,-1,1,-1,-1,0,0,0,1,0,0,-1,1,1,0,0,0,0,0,-1,0,0,0,0,0,0,-1,0,0,0.42307692307692313
0,0,0,0,0,0,0,0,0,0,0,0,0,0,0,0,0,0,0,0,0,-1,0,0,0,0,0,0,0,0,0,0,-1,-1,0,0,0,1,0,0,1,1,-1,0,0,0,-1,1,1,0,0,1,1,0,0,-1,-1,1,-1,-1,0,0,0,1,0,0,-1,1,1,1,0,0,0,0,-1,0,0,0,0,0,0,1,0,0,0.43846153846153846
0,0,0,0,0,0,0,0,0,0,0,0,0,0,0,0,0,0,0,0,0,-1,0,0,0,0,0,0,0,0,0,0,-1,-1,0,0,0,1,0,0,1,1,-1,0,0,0,-1,1,1,0,0,1,1,0,0,-1,-1,1,-1,-1,0,0,0,1,-1,0,-1,1,1,1,0,0,0,0,-1,0,0,0,0,0,0,-1,0,0,0.4538461538461539
0,0,0,0,0,0,0,0,0,0,0,0,0,0,0,0,0,0,0,0,0,-1,0,0,0,0,0,0,0,0,0,0,-1,-1,0,0,0,1,0,0,1,1,-1,0,0,0,-1,1,1,0,0,1,1,0,0,-1,-1,1,-1,-1,0,0,0,1,-1,0,-1,1,1,1,0,0,0,0,-1,0,1,0,0,0,0,1,0,0,0.46923076923076923
0,0,0,0,0,0,0,0,0,0,0,0,0,0,0,0,0,0,0,0,0,-1,0,0,0,0,0,0,0,0,0,0,-1,-1,0,0,0,1,0,0,1,1,-1,0,0,0,-1,1,1,0,0,1,1,0,0,-1,-1,1,-1,-1,0,0,0,1,-1,0,-1,1,1,1,0,0,-1,0,-1,0,1,0,0,0,0,-1,0,0,0.48461538461538467
0,0,0,0,0,0,0,0,0,0,0,0,0,0,0,0,0,0,0,0,0,-1,0,0,0,0,0,0,0,0,0,0,-1,-1,0,0,0,1,0,0,1,1,-1,0,0,0,-1,1,1,0,0,1,1,0,0,-1,-1,1,-1,-1,0,0,0,1,-1,0,-1,1,1,1,0,0,-1,0,-1,1,1,0,0,0,0,1,0,0,0.5
0,0,0,0,0,0,0,0,0,0,0,0,0,0,0,0,0,0,0,0,0,-1,0,0,0,0,0,0,0,0,0,0,-1,-1,0,0,0,1,0,0,1,1,-1,0,0,0,-1,1,1,0,0,1,1,0,-1,-1,-1,1,-1,-1,0,0,0,0,-1,0,-1,1,1,1,0,0,-1,0,-1,1,1,0,0,0,0,-1,0,0,0.5153846153846154
0,0,0,0,0,0,0,0,0,0,0,0,0,0,0,0,0,0,0,0,1,-1,0,0,0,0,0,0,0,0,0,0,-1,-1,0,0,0,1,0,0,1,1,-1,0,0,0,-1,1,1,0,0,1,1,0,-1,-1,-1,1,-1,-1,0,0,0,0,-1,0,-1,1,1,1,0,0,-1,0,-1,1,1,0,0,0,0,1,0,0,0.5307692307692308
0,0,0,0,0,0,0,0,0,0,0,0,0,0,0,0,0,0,0,0,1,-1,0,0,0,0,0,0,0,0,-1,0,-1,-1,0,0,0,1,0,0,1,1,-1,0,0,0,-1,1,1,0,0,1,1,0,-1,-1,-1,1,-1,-1,0,0,0,0,-1,0,-1,1,1,1,0,0,-1,0,-1,1,1,0,0,0,0,-1,0,0,0.5461538461538462
0,0,0,0,0,0,0,0,0,0,0,0,0,0,0,0,0,0,0,0,1,-1,0,0,0,0,0,0,0,1,-1,0,-1,-1,0,0,0,1,0,0,1,1,-1,0,0,0,-1,1,1,0,0,1,1,0,-1,-1,-1,1,-1,-1,0,0,0,0,-1,0,-1,1,1,1,0,0,-1,0,-1,1,1,0,0,0,0,1,0,0,0.5615384615384615
0,0,0,0,0,0,0,0,0,0,0,0,0,0,0,0,0,0,0,0,1,-1,0,0,0,0,0,0,0,1,-1,0,-1,-1,0,0,0,1,0,0,1,1,-1,0,0,0,-1,1,1,0,0,1,1,0,-1,-1,-1,1,-1,-1,0,0,0,0,-1,-1,-1,1,1,1,0,0,-1,0,-1,1,1,0,0,0,0,-1,0,0,0.576923076923077
0,0,0,0,0,0,0,0,0,0,0,0,0,0,0,0,0,0,0,0,1,-1,0,0,0,1,0,0,0,1,-1,0,-1,-1,0,0,0,1,0,0,1,1,-1,0,0,0,-1,1,1,0,0,1,1,0,-1,-1,-1,1,-1,-1,0,0,0,0,-1,-1,-1,1,1,1,0,0,-1,0,-1,1,1,0,0,0,0,1,0,0,0.5923076923076923
0,0,0,0,0,0,0,0,0,0,0,0,0,0,0,0,0,0,0,0,1,-1,0,0,0,1,0,0,0,1,-1,0,-1,-1,0,-1,0,1,0,0,1,1,-1,0,0,0,-1,1,1,0,0,1,1,0,-1,-1,-1,1,-1,-1,0,0,0,0,-1,-1,-1,1,1,1,0,0,-1,0,-1,1,1,0,0,0,0,-1,0,0,0.6076923076923076
0,0,0,0,0,0,0,0,0,0,0,0,0,0,1,0,0,0,0,0,1,-1,0,0,0,1,0,0,0,1,-1,0,-1,-1,0,-1,0,1,0,0,1,1,-1,0,0,0,-1,1,1,0,0,1,1,0,-1,-1,-1,1,-1,-1,0,0,0,0,-1,-1,-1,1,1,1,0,0,-1,0,-1,1,1,0,0,0,0,1,0,0,0.6230769230769231
0,0,0,0,0,0,0,0,0,0,0,0,0,-1,1,0,0,0,0,0,1,-1,0,0,0,1,0,0,0,1,-1,0,-1,-1,0,-1,0,1,0,0,1,1,-1,0,0,0,-1,1,1,0,0,1,1,0,-1,-1,-1,1,-1,-1,0,0,0,0,-1,-1,-1,1,1,1,0,0,-1,0,-1,1,1,0,0,0,0,-1,0,0,0.6384615384615384
0,0,0,0,0,0,0,0,0,0,0,0,0,-1,1,0,0,0,0,0,1,-1,0,1,0,1,0,0,0,1,-1,0,-1,-1,0,-1,0,1,0,0,1,1,-1,0,0,0,-1,1,1,0,0,1,1,0,-1,-1,-1,1,-1,-1,0,0,0,0,-1,-1,-1,1,1,1,0,0,-1,0,-1,1,1,0,0,0,0,1,0,0,0.6538461538461539
0,0,0,0,0,0,0,0,0,0,0,0,0,-1,1,0,0,0,0,0,1,-1,0,1,0,1,0,0,0,1,-1,-1,-1,-1,0,-1,0,1,0,0,1,1,-1,0,0,0,-1,1,1,0,0,1,1,0,-1,-1,-1,1,-1,-1,0,0,0,0,-1,-1,-1,1,1,1,0,0,-1,0,-1,1,1,0,0,0,0,-1,0,0,0.6692307692307692
0,0,0,0,0,0,0,0,0,0,0,1,0,-1,1,0,0,0,0,0,1,-1,0,1,0,1,0,0,0,1,-1,-1,-1,-1,0,-1,0,1,0,0,1,1,-1,0,0,0,-1,1,1,0,0,1,1,0,-1,-1,-1,1,-1,-1,0,0,0,0,-1,-1,-1,1,1,1,0,0,-1,0,-1,1,1,0,0,0,0,1,0,0,0.6846153846153846
0,0,0,0,0,0,0,0,0,0,0,1,0,-1,1,0,0,0,0,0,1,-1,0,1,-1,1,0,0,0,1,-1,-1,-1,-1,0,-1,0,1,0,0,1,1,-1,0,0,0,-1,1,1,0,0,1,1,0,-1,-1,-1,1,-1,-1,0,0,0,0,-1,-1,-1,1,1,1,0,0,-1,0,-1,1,1,0,0,0,0,-1,0,0,0.7
0,0,0,0,0,0,0,0,0,0,0,1,0,-1,1,1,0,0,0,0,1,-1,0,1,-1,1,0,0,0,1,-1,-1,-1,-1,0,-1,0,1,0,0,1,1,-1,0,0,0,-1,1,1,0,0,1,1,0,-1,-1,-1,1,-1,-1,0,0,0,0,-1,-1,-1,1,1,1,0,0,-1,0,-1,1,1,0,0,0,0,1,0,0,0.7153846153846154
0,0,0,0,0,0,0,0,0,0,0,1,0,-1,1,1,-1,0,0,0,1,-1,0,1,-1,1,0,0,0,1,-1,-1,-1,-1,0,-1,0,1,0,0,1,1,-1,0,0,0,-1,1,1,0,0,1,1,0,-1,-1,-1,1,-1,-1,0,0,0,0,-1,-1,-1,1,1,1,0,0,-1,0,-1,1,1,0,0,0,0,-1,0,0,0.7307692307692307
0,0,0,0,0,0,0,0,0,0,0,1,0,-1,1,1,-1,1,0,0,1,-1,0,1,-1,1,0,0,0,1,-1,-1,-1,-1,0,-1,0,1,0,0,1,1,-1,0,0,0,-1,1,1,0,0,1,1,0,-1,-1,-1,1,-1,-1,0,0,0,0,-1,-1,-1,1,1,1,0,0,-1,0,-1,1,1,0,0,0,0,1,0,0,0.7461538461538462
0,0,0,0,0,0,0,-1,0,0,0,1,0,-1,1,1,-1,1,0,0,1,-1,0,1,-1,1,0,0,0,1,-1,-1,-1,-1,0,-1,0,1,0,0,1,1,-1,0,0,0,-1,1,1,0,0,1,1,0,-1,-1,-1,1,-1,-1,0,0,0,0,-1,-1,-1,1,1,1,0,0,-1,0,-1,1,1,0,0,0,0,-1,0,0,0.7615384615384615
0,0,0,0,0,0,1,-1,0,0,0,1,0,-1,1,1,-1,1,0,0,1,-1,0,1,-1,1,0,0,0,1,-1,-1,-1,-1,0,-1,0,1,0,0,1,1,-1,0,0,0,-1,1,1,0,0,1,1,0,-1,-1,-1,1,-1,-1,0,0,0,0,-1,-1,-1,1,1,1,0,0,-1,0,-1,1,1,0,0,0,0,1,0,0,0.7769230769230769
0,0,0,0,0,0,1,-1,0,0,0,1,0,-1,1,1,-1,1,0,0,1,-1,-1,1,-1,1,0,0,0,1,-1,-1,-1,-1,0,-1,0,1,0,0,1,1,-1,0,0,0,-1,1,1,0,0,1,1,0,-1,-1,-1,1,-1,-1,0,0,0,0,-1,-1,-1,1,1,1,0,0,-1,0,-1,1,1,0,0,0,0,-1,0,0,0.7923076923076923
0,0,0,0,0,0,1,0,1,0,0,1,0,-1,1,1,0,1,0,0,1,-1,-1,1,-1,1,0,0,0,1,-1,-1,-1,-1,0,-1,0,1,0,0,1,1,-1,0,0,0,-1,1,1,0,0,1,1,0,-1,-1,-1,1,-1,-1,0,0,0,0,-1,-1,-1,1,1,1,0,0,-1,0,-1,1,1,0,0,0,0,1,0,0,0.8076923076923077
0,0,0,0,0,0,1,0,1,0,0,1,0,-1,1,1,0,1,0,0,1,-1,-1,1,-1,1,0,0,0,1,-1,-1,-1,-1,-1,-1,0,1,0,0,1,1,-1,0,0,0,-1,1,1,0,0,1,1,0,-1,-1,-1,1,-1,-1,0,0,0,0,-1,-1,-1,1,1,1,0,0,-1,0,-1,1,1,0,0,0,0,-1,0,0,0.823076923076923
0,0,0,0,1,0,1,0,1,0,0,1,0,-1,1,1,0,1,0,0,1,-1,-1,1,-1,1,0,0,0,1,-1,-1,-1,-1,-1,-1,0,1,0,0,1,1,-1,0,0,0,-1,1,1,0,0,1,1,0,-1,-1,-1,1,-1,-1,0,0,0,0,-1,-1,-1,1,1,1,0,0,-1,0,-1,1,1,0,0,0,0,1,0,0,0.8384615384615385
0,0,0,-1,1,0,1,0,1,0,0,1,0,-1,1,1,0,1,0,0,1,-1,-1,1,-1,1,0,0,0,1,-1,-1,-1,-1,-1,-1,0,1,0,0,1,1,-1,0,0,0,-1,1,1,0,0,1,1,0,-1,-1,-1,1,-1,-1,0,0,0,0,-1,-1,-1,1,1,1,0,0,-1,0,-1,1,1,0,0,0,0,-1,0,0,0.8538461538461538
0,0,0,-1,1,0,1,0,1,0,0,1,1,-1,1,1,0,1,0,0,1,-1,-1,1,-1,1,0,0,0,1,-1,-1,-1,-1,-1,-1,0,1,0,0,1,1,-1,0,0,0,-1,1,1,0,0,1,1,0,-1,-1,-1,1,-1,-1,0,0,0,0,-1,-1,-1,1,1,1,0,0,-1,0,-1,1,1,0,0,0,0,1,0,0,0.8692307692307693
0,0,0,-1,-0.5,-1,1,0,1,0,0,1,1,-1,1,1,0,1,0,0,1,-1,-1,1,-1,1,0,0,0,1,-1,-1,-1,-1,-1,-1,0,1,0,0,1,1,-1,0,0,0,-1,1,1,0,0,1,1,0,-1,-1,-1,1,-1,-1,0,0,0,0,-1,-1,-1,1,1,1,0,0,-1,0,-1,1,1,0,0,0,0,-1,1,5,0.8846153846153846
0,0,1,-1,0,-1,1,0,1,0,0,1,1,-1,1,1,0,1,0,0,1,-1,-1,1,-1,1,0,0,0,1,-1,-1,-1,-1,-1,-1,0,1,0,0,1,1,-1,0,0,0,-1,1,1,0,0,1,1,0,-1,-1,-1,1,-1,-1,0,0,0,0,-1,-1,-1,1,1,1,0,0,-1,0,-1,1,1,0,0,0,0,1,0,0,0.9
0,0,1,-1,-1,-1,1,0,1,0,0,1,1,-1,1,1,0,1,0,0,1,-1,-1,1,-1,1,0,0,0,1,-1,-1,-1,-1,-1,-1,0,1,0,0,1,1,-1,0,0,0,-1,1,1,0,0,1,1,0,-1,-1,-1,1,-1,-1,0,0,0,0,-1,-1,-1,1,1,1,0,0,-1,0,-1,1,1,0,0,0,0,-1,0,0,0.9153846153846154
0,0,1,-1,-1,-1,1,0,1,0,0,1,1,-1,1,1,0,1,0,0,1,-1,-1,1,-1,1,0,0,0,1,-1,-1,-1,-1,-1,-1,0,1,0,1,1,1,-1,0,0,0,-1,1,1,0,0,1,1,0,-1,-1,-1,1,-1,-1,0,0,0,0,-1,-1,-1,1,1,1,0,0,-1,0,-1,1,1,0,0,0,0,1,0,0,0.9307692307692308
0,0,1,-1,-1,-1,1,0,1,0,0,1,1,-1,1,1,0,1,0,0,1,-1,-1,1,-1,1,-1,0,0,1,-1,-1,-1,-1,-1,-1,0,1,0,1,1,1,-1,0,0,0,-1,1,1,0,0,1,1,0,-1,-1,-1,1,-1,-1,0,0,0,0,-1,-1,-1,1,1,1,0,0,-1,0,-1,1,1,0,0,0,0,-1,0,0,0.9461538461538461
0,0,1,-1,-1,-1,1,0,1,0,0,1,1,-1,1,1,0,1,0,0,1,-1,-1,1,-1,1,-1,0,0,1,-1,-1,-1,-1,-1,-1,0,1,0,1,1,1,-1,0,1,0,-1,1,1,0,0,1,1,0,-1,-1,-1,1,-1,-1,0,0,0,0,-1,-1,-1,1,1,1,0,0,-1,0,-1,1,1,0,0,0,0,1,0,0,0.9615384615384616
0,0,1,-1,-1,-1,1,0,1,0,0,1,1,-1,1,1,-1,1,0,0,1,-1,-1,1,-1,0,-1,0,0,1,-1,-1,-1,-1,-1,-1,0,1,0,1,1,1,-1,0,1,0,-1,1,1,0,0,1,1,0,-1,-1,-1,1,-1,-1,0,0,0,0,-1,-1,-1,1,1,1,0,0,-1,0,-1,1,1,0,0,0,0,-1,0,0,0.9769230769230769
0,0,1,-1,-1,-1,1,0,1,0,0,1,1,-1,1,1,-1,1,0,0,1,-1,-1,1,-1,0,-1,0,0,1,-1,-1,-1,-1,-1,-1,1,1,0,1,1,1,-1,0,1,0,-1,1,1,0,0,1,1,0,-1,-1,-1,1,-1,-1,0,0,0,0,-1,-1,-1,1,1,1,0,0,-1,0,-1,1,1,0,0,0,0,1,0,0,0.9923076923076923
0,0,1,-1,-1,-1,1,0,1,0,0,1,1,-1,1,1,-1,1,0,0,1,-1,-1,1,-1,0,-1,0,0,1,-1,-1,-1,-1,-1,-1,1,1,0,1,1,1,-1,0,1,-1,-1,1,1,0,0,1,1,0,-1,-1,-1,1,-1,-1,0,0,0,0,-1,-1,-1,1,1,1,0,0,-1,0,-1,1,1,0,0,0,0,-1,0,0,1
0,0,1,-1,-1,-1,1,0,1,0,0,1,1,-1,1,1,-1,1,0,0,1,-1,-1,1,-1,0,-1,0,0,1,-1,-1,-1,-1,-1,-1,1,1,0,1,1,1,-1,1,1,-1,-1,1,1,0,0,1,1,0,-1,-1,-1,1,-1,-1,0,0,0,0,-1,-1,-1,1,1,1,0,0,-1,0,-1,1,1,0,0,0,0,1,0,0,1
0,0,1,-1,-1,-1,0,-1,0,0,0,1,1,-1,0,0,-1,0,0,0,1,-1,-1,0,-1,0,-1,0,0,1,-1,-1,-1,-1,-1,-1,1,1,0,1,1,1,-1,1,1,-1,-1,1,1,0,0,1,1,0,-1,-1,-1,1,-1,-1,0,0,0,0,-1,-1,-1,1,1,1,0,0,-1,0,-1,1,1,0,0,0,0,-1,0,0,1
0,0,1,-1,-1,-1,0,-1,0,0,0,1,1,-1,0,0,-1,0,0,0,1,-1,-1,0,-1,0,-1,0,0,1,-1,-1,-1,-1,-1,-1,1,1,0,1,1,1,-1,1,1,-1,-1,1,1,0,0,1,1,0,-1,-1,-1,1,-1,-1,1,0,0,0,-1,-1,-1,1,1,1,0,0,-1,0,-1,1,1,0,0,0,0,1,0,0,1
0,0,0,0,0,0,0,0,0,0,0,0,0,0,0,0,0,0,0,0,0,0,0,0,0,0,0,0,0,0,0,0,0,0,0,0,0,0,0,0,0,0,0,0,0,0,0,0,1,0,0,0,0,0,0,0,0,0,0,0,0,0,0,0,0,0,0,0,0,0,0,0,0,0,0,0,0,0,0,0,0,1,0,0,0.1
0,0,0,0,0,0,0,0,0,0,0,0,0,0,0,0,0,0,0,0,0,0,0,0,0,0,0,0,0,0,-1,0,0,0,0,0,0,0,0,0,0,0,0,0,0,0,0,0,1,0,0,0,0,0,0,0,0,0,0,0,0,0,0,0,0,0,0,0,0,0,0,0,0,0,0,0,0,0,0,0,0,-1,0,0,0.11333333333333334
0,0,0,0,0,0,0,0,0,0,0,0,0,0,0,0,0,0,0,0,0,0,0,0,0,0,0,0,0,0,-1,0,0,0,0,0,0,0,0,0,0,1,0,0,0,0,0,0,1,0,0,0,0,0,0,0,0,0,0,0,0,0,0,0,0,0,0,0,0,0,0,0,0,0,0,0,0,0,0,0,0,1,0,0,0.12666666666666668
0,0,0,0,0,0,0,0,0,0,0,0,0,0,0,0,0,0,0,0,0,0,0,0,0,0,0,0,0,0,-1,0,0,0,0,0,0,0,0,0,0,1,0,0,0,0,0,0,1,0,0,0,0,0,0,0,0,0,0,0,-1,0,0,0,0,0,0,0,0,0,0,0,0,0,0,0,0,0,0,0,0,-1,0,0,0.14
0,0,0,0,0,0,0,0,0,0,0,0,0,0,0,0,0,0,0,0,0,0,0,1,0,0,0,0,0,0,-1,0,0,0,0,0,0,0,0,0,0,1,0,0,0,0,0,0,1,0,0,0,0,0,0,0,0,0,0,0,-1,0,0,0,0,0,0,0,0,0,0,0,0,0,0,0,0,0,0,0,0,1,0,0,0.15333333333333335
0,0,0,0,0,0,0,0,0,0,0,0,0,0,0,0,0,0,0,0,0,0,-1,1,0,0,0,0,0,0,-1,0,0,0,0,0,0,0,0,0,0,1,0,0,0,0,0,0,1,0,0,0,0,0,0,0,0,0,0,0,-1,0,0,0,0,0,0,0,0,0,0,0,0,0,0,0,0,0,0,0,0,-1,0,0,0.16666666666666669
0,0,0,0,0,0,0,0,0,0,0,0,0,0,1,0,0,0,0,0,0,0,-1,1,0,0,0,0,0,0,-1,0,0,0,0,0,0,0,0,0,0,1,0,0,0,0,0,0,1,0,0,0,0,0,0,0,0,0,0,0,-1,0,0,0,0,0,0,0,0,0,0,0,0,0,0,0,0,0,0,0,0,1,0,0,0.18
0,0,0,0,0,0,0,0,0,0,0,0,0,0,1,0,0,0,0,0,0,0,-1,1,0,0,0,0,0,0,-1,0,0,0,0,0,0,0,0,0,0,1,0,0,0,0,0,-1,1,0,0,0,0,0,0,0,0,0,0,0,-1,0,0,0,0,0,0,0,0,0,0,0,0,0,0,0,0,0,0,0,0,-1,0,0,0.19333333333333336
0,0,0,0,0,0,0,0,0,0,0,0,0,0,1,0,0,0,0,0,0,0,-1,1,0,0,0,0,0,0,-1,0,0,0,0,0,0,0,0,0,0,1,0,0,0,0,0,-1,1,0,0,0,0,0,0,0,1,0,0,0,-1,0,0,0,0,0,0,0,0,0,0,0,0,0,0,0,0,0,0,0,0,1,0,0,0.20666666666666667
0,0,0,0,0,0,0,0,0,0,0,0,0,0,1,0,0,0,0,0,0,0,-1,1,0,0,0,0,0,0,-1,0,0,0,0,0,0,0,-1,0,0,1,0,0,0,0,0,-1,1,0,0,0,0,0,0,0,1,0,0,0,-1,0,0,0,0,0,0,0,0,0,0,0,0,0,0,0,0,0,0,0,0,-1,0,0,0.22
0,0,0,0,0,0,0,0,0,0,0,0,0,0,1,0,0,0,0,0,0,0,-1,1,0,0,0,0,0,0,-1,0,0,0,0,0,0,0,-1,0,0,1,0,0,0,0,0,-1,1,0,0,0,0,0,0,0,1,0,1,0,-1,0,0,0,0,0,0,0,0,0,0,0,0,0,0,0,0,0,0,0,0,1,0,0,0.23333333333333334
0,0,0,0,0,0,0,0,0,0,0,0,0,0,1,0,0,0,0,0,0,0,-1,1,0,0,0,0,0,0,-1,0,0,-1,0,0,0,0,-1,0,0,1,0,0,0,0,0,-1,1,0,0,0,0,0,0,0,1,0,1,0,-1,0,0,0,0,0,0,0,0,0,0,0,0,0,0,0,0,0,0,0,0,-1,0,0,0.24666666666666667
0,0,0,0,0,0,0,0,0,0,0,0,0,0,1,0,0,0,0,0,0,0,-1,1,0,0,0,0,0,0,-1,0,1,-1,0,0,0,0,-1,0,0,1,0,0,0,0,0,-1,1,0,0,0,0,0,0,0,1,0,1,0,-1,0,0,0,0,0,0,0,0,0,0,0,0,0,0,0,0,0,0,0,0,1,0,0,0.26
0,0,0,0,0,0,0,0,0,0,0,0,0,0,1,0,0,0,0,0,0,0,-1,1,0,0,0,0,0,0,-1,0,1,-1,0,0,0,0,-1,0,0,1,-1,0,0,0,0,-1,1,0,0,0,0,0,0,0,1,0,1,0,-1,0,0,0,0,0,0,0,0,0,0,0,0,0,0,0,0,0,0,0,0,-1,0,0,0.2733333333333333
0,0,0,0,0,0,0,0,0,0,0,0,0,0,1,0,0,0,0,0,0,0,-1,1,0,0,0,0,0,0,-1,0,1,-1,0,0,0,0,-1,0,0,1,-1,0,0,0,0,-1,1,0,0,0,0,0,0,1,1,0,1,0,-1,0,0,0,0,0,0,0,0,0,0,0,0,0,0,0,0,0,0,0,0,1,0,0,0.2866666666666667
0,0,0,0,0,0,0,0,0,0,0,0,0,0,1,0,0,0,0,0,-1,0,-1,1,0,0,0,0,0,0,-1,0,1,-1,0,0,0,0,-1,0,0,1,-1,0,0,0,0,-1,1,0,0,0,0,0,0,1,1,0,1,0,-1,0,0,0,0,0,0,0,0,0,0,0,0,0,0,0,0,0,0,0,0,-1,0,0,0.30000000000000004
0,0,0,0,0,0,0,0,0,0,0,0,1,0,1,0,0,0,0,0,-1,0,-1,1,0,0,0,0,0,0,-1,0,1,-1,0,0,0,0,-1,0,0,1,-1,0,0,0,0,-1,1,0,0,0,0,0,0,1,1,0,1,0,-1,0,0,0,0,0,0,0,0,0,0,0,0,0,0,0,0,0,0,0,0,1,0,0,0.31333333333333335
0,0,0,0,0,0,0,0,0,0,0,-1,1,0,1,0,0,0,0,0,-1,0,-1,1,0,0,0,0,0,0,-1,0,1,-1,0,0,0,0,-1,0,0,1,-1,0,0,0,0,-1,1,0,0,0,0,0,0,1,1,0,1,0,-1,0,0,0,0,0,0,0,0,0,0,0,0,0,0,0,0,0,0,0,0,-1,0,0,0.32666666666666666
0,0,0,0,0,0,0,0,0,0,0,-1,1,0,1,0,0,0,0,0,-1,0,-1,1,0,0,0,0,0,0,-1,0,1,-1,0,0,0,0,-1,0,0,1,-1,0,0,0,0,-1,1,0,0,0,0,0,0,1,1,0,1,0,-1,0,0,0,0,0,0,0,0,1,0,0,0,0,0,0,0,0,0,0,0,1,0,0,0.33999999999999997
0,0,0,0,0,0,0,0,0,0,0,-1,1,0,1,0,0,0,0,0,-1,0,-1,1,0,0,0,0,0,0,-1,0,1,-1,0,0,0,0,-1,0,0,1,-1,0,0,0,0,-1,1,0,0,0,0,0,0,1,1,0,1,0,-1,0,0,0,0,0,0,0,0,1,-1,0,0,0,0,0,0,0,0,0,0,-1,0,0,0.3533333333333334
0,0,0,0,0,0,0,0,0,0,0,-1,1,0,1,0,0,0,0,0,-1,0,-1,1,0,0,0,0,0,0,-1,0,1,-1,0,0,0,0,-1,0,0,1,-1,0,0,0,0,-1,1,0,0,0,0,0,0,1,1,0,1,0,-1,0,0,0,0,0,0,0,1,1,-1,0,0,0,0,0,0,0,0,0,0,1,0,0,0.3666666666666667
0,0,0,0,0,0,0,0,0,0,0,-1,1,0,1,0,0,0,0,0,-1,0,-1,1,0,0,0,0,0,0,-1,0,1,-1,0,0,0,0,-1,0,0,1,-1,0,0,0,0,-1,1,0,0,0,0,0,0,1,1,0,1,0,-1,0,0,0,0,0,0,0,1,1,-1,0,0,0,0,0,0,0,0,-1,0,-1,0,0,0.38
0,0,0,0,0,0,0,0,0,0,0,-1,1,0,1,0,0,0,0,0,-1,0,-1,1,1,0,0,0,0,0,-1,0,1,-1,0,0,0,0,-1,0,0,1,-1,0,0,0,0,-1,1,0,0,0,0,0,0,1,1,0,1,0,-1,0,0,0,0,0,0,0,1,1,-1,0,0,0,0,0,0,0,0,-1,0,1,0,0,0.3933333333333333
0,0,0,0,0,0,0,0,0,0,0,-1,1,0,1,0,0,0,0,0,-1,0,-1,1,1,0,0,0,0,0,-1,0,1,-1,0,0,0,0,-1,0,0,1,-1,0,0,0,-1,-1,1,0,0,0,0,0,0,1,1,0,1,0,-1,0,0,0,0,0,0,0,1,1,-1,0,0,0,0,0,0,0,0,-1,0,-1,0,0,0.4066666666666666
0,0,0,0,0,0,0,0,0,0,0,-1,1,0,1,0,0,0,0,0,-1,0,-1,1,1,1,0,0,0,0,-1,0,1,-1,0,0,0,0,-1,0,0,1,-1,0,0,0,-1,-1,1,0,0,0,0,0,0,1,1,0,1,0,-1,0,0,0,0,0,0,0,1,1,-1,0,0,0,0,0,0,0,0,-1,0,1,0,0,0.42000000000000004
0,0,0,0,0,0,0,0,0,0,0,-1,1,0,1,0,0,0,0,0,-1,0,-1,1,1,1,0,0,0,0,-1,0,1,-1,0,0,0,0,-1,0,0,1,-1,0,0,0,-1,-1,1,0,0,0,-1,0,0,1,1,0,1,0,-1,0,0,0,0,0,0,0,1,1,-1,0,0,0,0,0,0,0,0,-1,0,-1,0,0,0.43333333333333335
0,0,0,0,0,0,0,0,0,0,0,-1,1,1,1,0,0,0,0,0,-1,0,-1,1,1,1,0,0,0,0,-1,0,1,-1,0,0,0,0,-1,0,0,1,-1,0,0,0,-1,-1,1,0,0,0,-1,0,0,1,1,0,1,0,-1,0,0,0,0,0,0,0,1,1,-1,0,0,0,0,0,0,0,0,-1,0,1,0,0,0.44666666666666666
0,0,0,0,0,0,0,0,0,0,0,-1,1,1,1,0,0,0,0,0,-1,0,-1,1,1,1,0,0,0,0,-1,0,1,-1,-1,0,0,0,-1,0,0,1,-1,0,0,0,-1,-1,1,0,0,0,-1,0,0,1,1,0,1,0,-1,0,0,0,0,0,0,0,1,1,-1,0,0,0,0,0,0,0,0,-1,0,-1,0,0,0.45999999999999996
0,0,0,0,0,0,0,0,0,0,0,-1,1,1,1,0,0,0,0,0,-1,0,-1,1,1,1,0,0,1,0,-1,0,1,-1,-1,0,0,0,-1,0,0,1,-1,0,0,0,-1,-1,1,0,0,0,-1,0,0,1,1,0,1,0,-1,0,0,0,0,0,0,0,1,1,-1,0,0,0,0,0,0,0,0,-1,0,1,0,0,0.4733333333333334
0,0,0,0,0,0,0,0,0,0,0,-1,1,1,1,0,0,0,0,-1,-1,0,-1,1,1,1,0,0,1,0,-1,0,1,-1,-1,0,0,0,-1,0,0,1,-1,0,0,0,-1,-1,1,0,0,0,-1,0,0,1,1,0,1,0,-1,0,0,0,0,0,0,0,1,1,-1,0,0,0,0,0,0,0,0,-1,0,-1,0,0,0.4866666666666667
0,0,0,0,0,0,0,0,0,0,0,-1,1,1,1,0,0,0,0,-1,-1,0,-1,1,1,1,0,0,1,0,-1,0,1,-1,-1,0,0,0,-1,0,0,1,-1,0,0,1,-1,-1,1,0,0,0,-1,0,0,1,1,0,1,0,-1,0,0,0,0,0,0,0,1,1,-1,0,0,0,0,0,0,0,0,-1,0,1,0,0,0.5
0,0,0,0,0,0,0,0,0,0,0,-1,1,1,1,0,0,0,0,-1,-1,0,-1,1,1,1,0,0,1,0,-1,0,1,-1,-1,0,-1,0,-1,0,0,1,-1,0,0,1,-1,-1,1,0,0,0,-1,0,0,1,1,0,1,0,-1,0,0,0,0,0,0,0,1,1,-1,0,0,0,0,0,0,0,0,-1,0,-1,0,0,0.5133333333333333
0,0,0,0,0,0,0,0,0,0,0,-1,1,1,1,0,0,0,0,-1,-1,0,-1,1,1,1,0,0,1,0,-1,0,1,-1,-1,0,-1,0,-1,0,0,1,-1,0,0,1,-1,-1,1,0,0,0,-1,0,1,1,1,0,1,0,-1,0,0,0,0,0,0,0,1,1,-1,0,0,0,0,0,0,0,0,-1,0,1,0,0,0.5266666666666667
0,0,0,0,0,0,0,0,0,0,0,-1,1,1,1,0,0,0,0,-1,-1,0,-1,1,1,1,0,0,1,-1,-1,0,1,-1,-1,0,-1,0,-1,0,0,1,-1,0,0,1,-1,-1,1,0,0,0,-1,0,1,1,1,0,1,0,-1,0,0,0,0,0,0,0,1,1,-1,0,0,0,0,0,0,0,0,-1,0,-1,0,0,0.54
0,0,0,0,0,0,0,0,0,0,0,-1,1,1,1,0,0,0,0,-1,-1,0,-1,1,1,1,0,0,1,-1,-1,0,1,-1,-1,0,-1,0,-1,0,0,1,-1,0,0,1,-1,-1,1,0,1,0,-1,0,1,1,1,0,1,0,-1,0,0,0,0,0,0,0,1,1,-1,0,0,0,0,0,0,0,0,-1,0,1,0,0,0.5533333333333333
0,0,0,0,0,0,0,0,0,0,0,-1,1,1,1,0,0,0,0,-1,-1,0,-1,1,1,1,-1,0,1,-1,-1,0,1,-1,-1,0,-1,0,-1,0,0,1,-1,0,0,1,-1,-1,1,0,1,0,-1,0,1,1,1,0,1,0,-1,0,0,0,0,0,0,0,1,1,-1,0,0,0,0,0,0,0,0,-1,0,-1,0,0,0.5666666666666667
0,0,0,0,0,0,0,0,0,0,0,-1,1,1,1,0,0,1,0,-1,-1,0,-1,1,1,1,-1,0,1,-1,-1,0,1,-1,-1,0,-1,0,-1,0,0,1,-1,0,0,1,-1,-1,1,0,1,0,-1,0,1,1,1,0,1,0,-1,0,0,0,0,0,0,0,1,1,-1,0,0,0,0,0,0,0,0,-1,0,1,0,0,0.58
0,0,0,0,0,0,0,0,0,0,0,-1,1,1,1,0,0,1,0,-1,-1,0,-1,1,1,1,-1,0,1,-1,-1,0,1,-1,-1,-1,-1,0,-1,0,0,1,-1,0,0,1,-1,-1,1,0,1,0,-1,0,1,1,1,0,1,0,-1,0,0,0,0,0,0,0,1,1,-1,0,0,0,0,0,0,0,0,-1,0,-1,0,0,0.5933333333333334
0,0,1,0,0,0,0,0,0,0,0,-1,1,1,1,0,0,1,0,-1,-1,0,-1,1,1,1,-1,0,1,-1,-1,0,1,-1,-1,-1,-1,0,-1,0,0,1,-1,0,0,1,-1,-1,1,0,1,0,-1,0,1,1,1,0,1,0,-1,0,0,0,0,0,0,0,1,1,-1,0,0,0,0,0,0,0,0,-1,0,1,0,0,0.6066666666666667
0,-1,1,0,0,0,0,0,0,0,0,-1,1,1,1,0,0,1,0,-1,-1,0,-1,1,1,1,-1,0,1,-1,-1,0,1,-1,-1,-1,-1,0,-1,0,0,1,-1,0,0,1,-1,-1,1,0,1,0,-1,0,1,1,1,0,1,0,-1,0,0,0,0,0,0,0,1,1,-1,0,0,0,0,0,0,0,0,-1,0,-1,0,0,0.62
0,-1,1,1,0,0,0,0,0,0,0,-1,1,1,1,0,0,1,0,-1,-1,0,-1,1,1,1,-1,0,1,-1,-1,0,1,-1,-1,-1,-1,0,-1,0,0,1,-1,0,0,1,-1,-1,1,0,1,0,-1,0,1,1,1,0,1,0,-1,0,0,0,0,0,0,0,1,1,-1,0,0,0,0,0,0,0,0,-1,0,1,0,0,0.6333333333333333
0,-1,1,1,0,0,0,0,0,0,0,-1,1,1,1,0,-1,1,0,-1,-1,0,-1,1,1,1,-1,0,1,-1,-1,0,1,-1,-1,-1,-1,0,-1,0,0,1,-1,0,0,1,-1,-1,1,0,1,0,-1,0,1,1,1,0,1,0,-1,0,0,0,0,0,0,0,1,1,-1,0,0,0,0,0,0,0,0,-1,0,-1,0,0,0.6466666666666666
0,-1,1,1,0,0,0,1,0,0,0,-1,1,1,1,0,-1,1,0,-1,-1,0,-1,1,1,1,-1,0,1,-1,-1,0,1,-1,-1,-1,-1,0,-1,0,0,1,-1,0,0,1,-1,-1,1,0,1,0,-1,0,1,1,1,0,1,0,-1,0,0,0,0,0,0,0,1,1,-1,0,0,0,0,0,0,0,0,-1,0,1,0,0,0.66
0,-1,1,1,0,0,0,1,-1,0,0,-1,1,1,1,0,-1,-0.5,0,-1,-1,0,-1,1,1,1,-1,0,1,-1,-1,0,1,-1,-1,-1,-1,0,-1,0,0,1,-1,0,0,1,-1,-1,1,0,1,0,-1,0,1,1,1,0,1,0,-1,0,0,0,0,0,0,0,1,1,-1,0,0,0,0,0,0,0,0,-1,0,-1,2,9,0.6733333333333333
0,-1,1,1,0,0,0,1,-1,0,0,-1,1,1,1,0,-1,0,0,-1,-1,0,-1,1,1,1,-1,1,1,-1,-1,0,1,-1,-1,-1,-1,0,-1,0,0,1,-1,0,0,1,-1,-1,1,0,1,0,-1,0,1,1,1,0,1,0,-1,0,0,0,0,0,0,0,1,1,-1,0,0,0,0,0,0,0,0,-1,0,1,0,0,0.6866666666666666
0,-1,1,1,0,0,0,1,-1,0,0,-1,1,1,1,0,-1,0,0,-1,-1,0,-1,1,1,1,-1,1,1,-1,-1,0,1,-1,-1,-1,-1,-1,-1,0,0,1,-1,0,0,1,-1,-1,1,0,1,0,-1,0,1,1,1,0,1,0,-1,0,0,0,0,0,0,0,1,1,-1,0,0,0,0,0,0,0,0,-1,0,-1,0,0,0.7
0,-1,1,1,0,0,0,1,0.5,0,0,-1,1,1,1,0,-1,1,0,-1,-1,0,-1,1,1,1,-1,1,1,-1,-1,0,1,-1,-1,-1,-1,-1,-1,0,0,1,-1,0,0,1,-1,-1,1,0,1,0,-1,0,1,1,1,0,1,0,-1,0,0,0,0,0,0,0,1,1,-1,0,0,0,0,0,0,0,0,-1,0,1,1,9,0.7133333333333333
0,-1,1,1,0,0,0,1,0,0,0,-1,1,1,1,0,-1,1,0,-1,-1,0,-1,1,1,1,-1,1,1,-1,-1,0,1,-1,-1,-1,-1,-1,-1,0,0,1,-1,0,0,1,-1,-1,1,0,1,0,-1,0,1,1,1,0,1,0,-1,0,0,0,0,0,0,0,1,1,-1,0,0,0,0,0,0,0,-1,-1,0,-1,0,0,0.7266666666666667
0,-1,1,1,0,0,0,1,0,0,0,-1,1,1,1,0,-1,1,0,-1,-1,0,-1,1,1,1,-1,1,1,-1,-1,0,1,-1,-1,-1,-1,-1,-1,0,0,1,-1,0,0,1,-1,-1,1,0,1,1,-1,0,1,1,1,0,1,0,-1,0,0,0,0,0,0,0,1,1,-1,0,0,0,0,0,0,0,-1,-1,0,1,0,0,0.74
0,-1,1,1,0,0,0,1,0,0,0,-1,1,1,1,0,-1,1,0,-1,-1,0,-1,1,1,1,-1,1,1,-1,-1,0,1,-1,-1,-1,-1,-1,-1,0,0,1,-1,0,-1,1,-1,-1,1,0,1,1,-1,0,1,1,1,0,1,0,-1,0,0,0,0,0,0,0,1,1,-1,0,0,0,0,0,0,0,-1,-1,0,-1,0,0,0.7533333333333333
0,-1,1,1,0,0,0,1,0,0,0,-1,1,1,1,0,-1,1,0,-1,-1,0,-1,1,1,1,-1,1,1,-1,-1,0,1,-1,-1,-1,-1,-1,-1,0,0,1,-1,0,-1,1,-1,-1,1,0,1,1,-1,0,1,1,1,0,1,0,-1,0,0,0,0,0,0,0,1,1,-1,0,0,0,0,0,0,1,-1,-1,0,1,0,0,0.7666666666666666
0,-1,1,1,0,0,0,1,-1,0,0,-1,1,1,1,0,-1,-0.5,0,-1,-1,0,-1,1,1,1,-1,1,1,-1,-1,0,1,-1,-1,-1,-1,-1,-1,0,0,1,-1,0,-1,1,-1,-1,1,0,1,1,-1,0,1,1,1,0,1,0,-1,0,0,0,0,0,0,0,1,1,-1,0,0,0,0,0,0,1,-1,-1,0,-1,2,9,0.78
0,-1,1,1,0,0,0,1,-1,0,0,-1,1,1,1,0,-1,0,0,-1,-1,0,-1,1,1,1,-1,1,1,-1,-1,0,1,-1,-1,-1,-1,-1,-1,0,0,1,-1,0,-1,1,-1,-1,1,0,1,1,-1,0,1,1,1,0,1,0,-1,1,0,0,0,0,0,0,1,1,-1,0,0,0,0,0,0,1,-1,-1,0,1,0,0,0.7933333333333333
0,-1,1,1,0,0,0,1,-1,0,0,-1,1,1,1,0,-1,0,0,-1,-1,0,-1,1,1,1,-1,1,1,-1,-1,0,1,-1,-1,-1,-1,-1,-1,0,0,1,-1,0,-1,1,-1,-1,1,0,1,1,-1,0,1,1,1,0,1,0,-1,0,-1,0,0,0,0,0,1,1,-1,0,0,0,0,0,0,1,-1,-1,0,-1,0,0,0.8066666666666666
0,-1,1,1,0,0,0,1,0.5,0,0,-1,1,1,1,0,-1,1,0,-1,-1,0,-1,1,1,1,-1,1,1,-1,-1,0,1,-1,-1,-1,-1,-1,-1,0,0,1,-1,0,-1,1,-1,-1,1,0,1,1,-1,0,1,1,1,0,1,0,-1,0,-1,0,0,0,0,0,1,1,-1,0,0,0,0,0,0,1,-1,-1,0,1,1,9,0.82
0,-1,1,1,0,0,0,1,0,0,0,-1,1,1,1,0,-1,1,0,-1,-1,0,-1,1,1,1,-1,1,1,-1,-1,0,1,-1,-1,-1,-1,-1,-1,0,-1,1,-1,0,-1,1,-1,-1,1,0,1,1,-1,0,1,1,1,0,1,0,-1,0,-1,0,0,0,0,0,1,1,-1,0,0,0,0,0,0,1,-1,-1,0,-1,0,0,0.8333333333333333
0,-1,1,1,0,0,0,1,0,0,0,-1,1,1,1,0,-1,1,0,-1,-1,0,-1,1,1,1,-1,1,1,-1,-1,1,1,-1,-1,-1,-1,-1,-1,0,-1,1,-1,0,-1,1,-1,-1,1,0,1,1,-1,0,1,1,1,0,1,0,-1,0,-1,0,0,0,0,0,1,1,-1,0,0,0,0,0,0,1,-1,-1,0,1,0,0,0.8466666666666667
0,-1,1,1,0,0,0,1,0,0,0,-1,1,1,1,0,-1,1,0,-1,-1,0,-1,1,1,1,-1,1,1,-1,-1,1,1,-1,-1,-1,-1,-1,-1,-1,-1,1,-1,0,-1,1,-1,-1,1,0,1,1,-1,0,1,1,1,0,1,0,-1,0,-1,0,0,0,0,0,1,1,-1,0,0,0,0,0,0,1,-1,-1,0,-1,0,0,0.86
0,-1,1,1,0,0,0,1,0,0,0,-1,1,1,1,0,-1,1,0,-1,-1,1,0,1,1,1,-1,1,1,-1,-1,1,1,-1,-1,-1,-1,-1,-1,-1,-1,1,-1,0,-1,1,-1,-1,1,0,1,1,-1,0,1,1,1,0,1,0,-1,0,-1,0,0,0,0,0,1,1,-1,0,0,0,0,0,0,1,-1,-1,0,1,0,0,0.8733333333333333
0,-1,1,1,0,0,0,1,-1,0,0,-1,1,1,1,0,-1,-0.5,0,-1,-1,1,0,1,1,1,-1,1,1,-1,-1,1,1,-1,-1,-1,-1,-1,-1,-1,-1,1,-1,0,-1,1,-1,-1,1,0,1,1,-1,0,1,1,1,0,1,0,-1,0,-1,0,0,0,0,0,1,1,-1,0,0,0,0,0,0,1,-1,-1,0,-1,2,9,0.8866666666666666
0,-1,1,1,0,0,0,1,-1,0,0,-1,1,1,1,0,-1,0,0,-1,-1,1,0,1,1,1,-1,1,1,-1,-1,1,1,-1,-1,-1,-1,-1,-1,-1,-1,1,-1,0,-1,1,-1,-1,1,0,1,1,-1,0,1,1,1,0,1,1,-1,0,-1,0,0,0,0,0,1,1,-1,0,0,0,0,0,0,1,-1,-1,0,1,0,0,0.9
0,-1,1,1,0,0,0,1,-1,0,0,-1,1,1,1,0,-1,0,0,-1,-1,1,0,1,1,1,-1,1,1,-1,-1,1,1,-1,-1,-1,-1,-1,-1,-1,-1,1,-1,0,-1,1,-1,-1,1,-1,1,1,-1,0,1,1,1,0,1,1,-1,0,-1,0,0,0,0,0,1,1,-1,0,0,0,0,0,0,1,-1,-1,0,-1,0,0,0.9133333333333333
0,-1,1,1,0,0,0,1,-1,0,0,-1,1,1,1,0,-1,0,0,-1,-1,1,0,1,1,1,-1,1,1,-1,-1,1,1,-1,-1,-1,-1,-1,-1,-1,-1,1,-1,0,-1,1,-1,-1,1,-1,1,1,-1,0,1,1,1,0,1,1,0.5,1,-1,0,0,0,0,0,1,1,-1,0,0,0,0,0,0,1,-1,-1,0,1,7,7,0.9266666666666666
0,-1,1,1,0,0,0,1,-1,0,0,-1,1,1,1,0,-1,0,0,-1,-1,1,0,1,1,1,-1,1,1,-1,-1,1,1,-1,-1,-1,-1,-1,-1,-1,-1,1,-1,0,-1,1,-1,-1,1,-1,1,1,-1,0,1,1,1,0,1,1,0,1,-1,0,0,0,0,0,1,1,-1,-1,0,0,0,0,0,1,-1,-1,0,-1,0,0,0.94
0,-1,1,1,0,0,0,1,0.5,0,0,-1,1,1,1,0,-1,1,0,-1,-1,1,0,1,1,1,-1,1,1,-1,-1,1,1,-1,-1,-1,-1,-1,-1,-1,-1,1,-1,0,-1,1,-1,-1,1,-1,1,1,-1,0,1,1,1,0,1,1,0,1,-1,0,0,0,0,0,1,1,-1,-1,0,0,0,0,0,1,-1,-1,0,1,1,9,0.9533333333333334
0,-1,1,1,0,0,0,1,0,0,0,-1,1,1,1,0,-1,1,0,-1,-1,1,0,1,1,1,-1,1,1,-1,-1,1,1,-1,-1,-1,-1,-1,-1,-1,-1,1,-1,0,-1,1,-1,-1,0,-1,1,1,-1,0,1,1,1,-1,1,1,0,1,-1,0,0,0,0,0,1,1,-1,-1,0,0,0,0,0,1,-1,-1,0,-1,0,0,0.9666666666666667
0,-1,1,1,0,0,0,1,0,0,0,-1,1,1,1,0,-1,1,0,-1,-1,1,0,1,1,1,-1,1,1,-1,-1,1,1,-1,-1,-1,-1,-1,-1,-1,-1,1,-1,0,-1,1,-1,-1,0,-1,1,1,-1,0,1,1,1,-1,1,1,0,1,-1,0,0,0,1,0,1,1,-1,-1,0,0,0,0,0,1,-1,-1,0,1,0,0,0.98
0,-1,1,1,0,0,0,1,-1,0,0,-1,1,1,1,0,-1,-0.5,0,-1,-1,1,0,1,1,1,-1,1,1,-1,-1,1,1,-1,-1,-1,-1,-1,-1,-1,-1,1,-1,0,-1,1,-1,-1,0,-1,1,1,-1,0,1,1,1,-1,1,1,0,1,-1,0,0,0,1,0,1,1,-1,-1,0,0,0,0,0,1,-1,-1,0,-1,2,9,0.9933333333333333
0,-1,1,1,0,0,0,1,-1,1,0,-1,1,1,1,0,-1,0,0,-1,-1,1,0,1,1,1,-1,1,1,-1,-1,1,1,-1,-1,-1,-1,-1,-1,-1,-1,1,-1,0,-1,1,-1,-1,0,-1,1,1,-1,0,1,1,1,-1,1,1,0,1,-1,0,0,0,1,0,1,1,-1,-1,0,0,0,0,0,1,-1,-1,0,1,0,0,1
0,-1,1,1,0,0,0,1,-1,1,0,-1,1,1,1,0,-1,0,-1,-1,-1,1,0,1,1,1,-1,0,0,-1,-1,1,1,-1,-1,-1,-1,-1,-1,-1,-1,1,-1,0,-1,1,-1,-1,0,-1,1,1,-1,0,1,1,1,-1,1,1,0,1,-1,0,0,0,1,0,1,1,-1,-1,0,0,0,0,0,1,-1,-1,0,-1,0,0,1
0,-1,1,1,0,0,0,1,0.5,1,0,-1,1,1,1,0,-1,1,-1,-1,-1,1,0,1,1,1,-1,0,0,-1,-1,1,1,-1,-1,-1,-1,-1,-1,-1,-1,1,-1,0,-1,1,-1,-1,0,-1,1,1,-1,0,1,1,1,-1,1,1,0,1,-1,0,0,0,1,0,1,1,-1,-1,0,0,0,0,0,1,-1,-1,0,1,1,9,1
0,-1,1,1,0,0,0,1,0,1,0,-1,1,1,1,0,-1,1,-1,-1,-1,1,0,1,1,1,-1,0,0,-1,-1,1,1,-1,-1,-1,-1,-1,-1,-1,-1,1,-1,0,-1,1,-1,-1,-1,-1,1,1,-1,0,1,1,1,-1,1,1,0,1,-1,0,0,0,1,0,1,1,-1,-1,0,0,0,0,0,1,-1,-1,0,-1,0,0,1
0,-1,1,1,0,0,0,1,0,1,1,-1,1,1,1,0,-1,1,-1,-1,-1,1,0,1,1,1,-1,0,0,-1,-1,1,1,-1,-1,-1,-1,-1,-1,-1,-1,1,-1,0,-1,1,-1,-1,-1,-1,1,1,-1,0,1,1,1,-1,1,1,0,1,-1,0,0,0,1,0,1,1,-1,-1,0,0,0,0,0,1,-1,-1,0,1,0,0,1
-1,-1,1,1,0,0,0,1,0,0,0,-1,1,1,1,0,-1,1,-1,-1,-1,1,0,1,1,1,-1,0,0,-1,-1,1,1,-1,-1,-1,-1,-1,-1,-1,-1,1,-1,0,-1,1,-1,-1,-1,-1,1,1,-1,0,1,1,1,-1,1,1,0,1,-1,0,0,0,1,0,1,1,-1,-1,0,0,0,0,0,1,-1,-1,0,-1,0,0,1
-1,-1,1,1,0,0,0,1,0,0,1,-1,1,1,1,0,-1,1,-1,-1,-1,1,0,1,1,1,-1,0,0,-1,-1,1,1,-1,-1,-1,-1,-1,-1,-1,-1,1,-1,0,-1,1,-1,-1,-1,-1,1,1,-1,0,1,1,1,-1,1,1,0,1,-1,0,0,0,1,0,1,1,-1,-1,0,0,0,0,0,1,-1,-1,0,1,0,0,1
0,0,0,0,0,0,0,0,0,0,0,0,0,0,0,0,0,0,0,0,0,0,0,0,0,0,0,0,0,0,1,0,0,0,0,0,0,0,0,0,0,0,0,0,0,0,0,0,0,0,0,0,0,0,0,0,0,0,0,0,0,0,0,0,0,0,0,0,0,0,0,0,0,0,0,0,0,0,0,0,0,1,0,0,-0.1
0,0,0,0,0,0,0,0,0,0,0,0,0,0,0,0,0,0,0,0,0,0,0,0,0,0,0,0,0,0,1,0,0,0,0,0,0,0,0,0,0,0,0,0,0,0,0,0,0,0,-1,0,0,0,0,0,0,0,0,0,0,0,0,0,0,0,0,0,0,0,0,0,0,0,0,0,0,0,0,0,0,-1,0,0,-0.125
0,0,0,0,0,0,0,0,0,0,0,0,0,0,0,0,0,0,0,0,0,0,0,0,0,0,0,0,0,0,1,0,0,0,0,0,0,0,0,0,0,0,0,0,0,0,0,0,0,1,-1,0,0,0,0,0,0,0,0,0,0,0,0,0,0,0,0,0,0,0,0,0,0,0,0,0,0,0,0,0,0,1,0,0,-0.15000000000000002
0,0,0,0,0,0,0,0,0,0,0,0,0,0,0,0,0,0,0,0,0,0,0,0,0,0,0,0,0,0,1,0,0,0,0,0,0,0,0,0,0,0,0,0,0,0,0,0,0,1,-1,0,0,0,0,0,0,0,-1,0,0,0,0,0,0,0,0,0,0,0,0,0,0,0,0,0,0,0,0,0,0,-1,0,0,-0.175
0,0,0,0,0,0,0,0,0,0,0,0,0,0,0,0,0,0,0,0,0,0,0,0,0,0,0,0,0,0,1,0,0,0,0,0,0,0,0,0,0,0,0,0,0,0,0,0,1,1,-1,0,0,0,0,0,0,0,-1,0,0,0,0,0,0,0,0,0,0,0,0,0,0,0,0,0,0,0,0,0,0,1,0,0,-0.2
0,0,0,0,0,0,0,0,0,0,0,0,0,0,0,0,0,0,0,0,0,0,0,0,0,0,0,0,0,0,1,0,0,0,0,0,0,0,0,0,0,-1,0,0,0,0,0,0,1,1,-1,0,0,0,0,0,0,0,-1,0,0,0,0,0,0,0,0,0,0,0,0,0,0,0,0,0,0,0,0,0,0,-1,0,0,-0.225
0,0,0,0,0,0,0,0,0,0,0,0,0,0,0,0,0,0,0,0,0,0,0,0,1,0,0,0,0,0,1,0,0,0,0,0,0,0,0,0,0,-1,0,0,0,0,0,0,1,1,-1,0,0,0,0,0,0,0,-1,0,0,0,0,0,0,0,0,0,0,0,0,0,0,0,0,0,0,0,0,0,0,1,0,0,-0.25
0,0,0,0,0,0,0,0,0,0,0,0,0,0,0,0,0,0,0,0,0,0,0,-1,1,0,0,0,0,0,1,0,0,0,0,0,0,0,0,0,0,-1,0,0,0,0,0,0,1,1,-1,0,0,0,0,0,0,0,-1,0,0,0,0,0,0,0,0,0,0,0,0,0,0,0,0,0,0,0,0,0,0,-1,0,0,-0.275
0,0,0,0,0,0,0,0,0,0,0,0,0,0,0,0,0,0,0,0,0,0,1,-1,1,0,0,0,0,0,1,0,0,0,0,0,0,0,0,0,0,-1,0,0,0,0,0,0,1,1,-1,0,0,0,0,0,0,0,-1,0,0,0,0,0,0,0,0,0,0,0,0,0,0,0,0,0,0,0,0,0,0,1,0,0,-0.30000000000000004
0,0,0,0,0,0,0,0,0,0,0,0,0,0,0,0,0,0,0,0,0,0,1,-1,1,0,0,0,0,0,1,0,-1,0,0,0,0,0,0,0,0,-1,0,0,0,0,0,0,1,1,-1,0,0,0,0,0,0,0,-1,0,0,0,0,0,0,0,0,0,0,0,0,0,0,0,0,0,0,0,0,0,0,-1,0,0,-0.325
0,0,0,0,0,0,0,0,0,0,0,0,0,0,1,0,0,0,0,0,0,0,1,-1,1,0,0,0,0,0,1,0,-1,0,0,0,0,0,0,0,0,-1,0,0,0,0,0,0,1,1,-1,0,0,0,0,0,0,0,-1,0,0,0,0,0,0,0,0,0,0,0,0,0,0,0,0,0,0,0,0,0,0,1,0,0,-0.35
0,0,0,0,0,0,0,0,0,0,0,0,0,0,1,0,0,0,0,0,0,0,1,-1,1,0,0,0,0,0,1,0,-1,0,0,0,0,0,0,0,0,-1,0,0,0,0,0,0,1,1,-1,0,0,0,0,0,0,-1,-1,0,0,0,0,0,0,0,0,0,0,0,0,0,0,0,0,0,0,0,0,0,0,-1,0,0,-0.375
0,0,0,0,0,0,0,0,0,0,0,0,0,0,1,0,0,0,0,0,0,0,1,-1,1,0,0,0,0,0,1,0,-1,0,0,0,0,0,0,0,0,-1,0,0,0,0,0,0,1,1,-1,0,0,0,0,0,1,-1,-1,0,0,0,0,0,0,0,0,0,0,0,0,0,0,0,0,0,0,0,0,0,0,1,0,0,-0.4
0,0,0,0,0,0,0,0,0,0,0,0,0,0,1,0,0,0,0,0,0,0,1,-1,1,0,0,0,0,0,1,0,-1,0,0,0,0,0,0,0,0,-1,0,0,0,0,0,-1,1,1,-1,0,0,0,0,0,1,-1,-1,0,0,0,0,0,0,0,0,0,0,0,0,0,0,0,0,0,0,0,0,0,0,-1,0,0,-0.42500000000000004
0,0,0,0,0,0,0,0,0,0,0,0,0,0,1,0,0,0,0,0,0,0,1,-1,1,0,0,0,0,0,1,0,-1,0,0,0,0,0,1,0,0,-1,0,0,0,0,0,-1,1,1,-1,0,0,0,0,0,1,-1,-1,0,0,0,0,0,0,0,0,0,0,0,0,0,0,0,0,0,0,0,0,0,0,1,0,0,-0.44999999999999996
0,0,0,0,0,0,0,0,0,0,0,0,0,0,1,0,0,0,0,0,0,0,1,-1,1,0,0,0,0,0,1,0,-1,0,0,0,0,0,1,0,0,-1,0,0,0,0,-1,-1,1,1,-1,0,0,0,0,0,1,-1,-1,0,0,0,0,0,0,0,0,0,0,0,0,0,0,0,0,0,0,0,0,0,0,-1,0,0,-0.475
0,0,0,0,0,0,0,0,0,0,0,0,0,0,1,0,0,0,0,0,0,0,1,-1,1,0,0,0,0,0,1,0,-1,0,0,0,0,0,1,0,0,-1,0,0,0,0,-1,-1,1,1,-1,0,0,0,0,0,1,-1,-1,0,0,0,0,0,0,1,0,0,0,0,0,0,0,0,0,0,0,0,0,0,0,1,0,0,-0.5
0,0,0,0,0,0,0,0,0,0,0,0,0,0,1,0,0,0,0,0,0,0,1,-1,1,0,0,0,0,0,1,0,-1,0,0,0,0,0,1,-1,0,-1,0,0,0,0,-1,-1,1,1,-1,0,0,0,0,0,1,-1,-1,0,0,0,0,0,0,1,0,0,0,0,0,0,0,0,0,0,0,0,0,0,0,-1,0,0,-0.525
0,0,0,0,0,0,0,0,0,0,0,0,0,0,1,0,0,0,0,0,0,0,1,-1,1,0,0,0,0,0,1,0,-1,0,0,0,0,0,1,0,1,-1,0,0,0,0,-1,-1,1,1,-1,0,0,0,0,0,1,-1,-1,0,0,0,0,0,0,1,0,0,0,0,0,0,0,0,0,0,0,0,0,0,0,1,0,0,-0.55
0,0,0,0,0,0,0,0,0,0,0,0,0,0,1,0,0,0,0,0,0,0,1,-1,1,0,0,0,0,0,1,-1,-1,0,0,0,0,0,1,0,1,-1,0,0,0,0,-1,-1,1,1,-1,0,0,0,0,0,1,-1,-1,0,0,0,0,0,0,1,0,0,0,0,0,0,0,0,0,0,0,0,0,0,0,-1,0,0,-0.575
0,0,0,0,0,0,0,0,0,0,0,0,0,0,1,0,0,0,0,0,0,0,1,-1,1,0,0,0,0,0,1,-1,-1,0,0,0,0,0,1,1,1,-1,0,0,0,0,-1,-1,1,1,-1,0,0,0,0,0,1,-1,-1,0,0,0,0,0,0,1,0,0,0,0,0,0,0,0,0,0,0,0,0,0,0,1,0,0,-0.6
0,0,0,0,0,0,0,0,0,0,0,0,0,0,1,0,0,0,0,0,0,-1,1,-1,1,0,0,0,0,0,1,-1,-1,0,0,0,0,0,1,1,1,-1,0,0,0,0,-1,-1,1,1,-1,0,0,0,0,0,1,-1,-1,0,0,0,0,0,0,1,0,0,0,0,0,0,0,0,0,0,0,0,0,0,0,-1,0,0,-0.625
0,0,0,0,0,0,0,0,0,0,0,0,0,0,1,0,0,0,0,0,1,-1,1,-1,1,0,0,0,0,0,1,-1,-1,0,0,0,0,0,1,1,1,-1,0,0,0,0,-1,-1,1,1,-1,0,0,0,0,0,1,-1,-1,0,0,0,0,0,0,1,0,0,0,0,0,0,0,0,0,0,0,0,0,0,0,1,0,0,-0.65
0,0,0,0,0,0,0,0,0,0,0,0,0,-1,1,0,0,0,0,0,1,-1,0,-1,1,0,0,0,0,0,1,-1,-1,0,0,0,0,0,1,1,1,-1,0,0,0,0,-1,-1,1,1,-1,0,0,0,0,0,1,-1,-1,0,0,0,0,0,0,1,0,0,0,0,0,0,0,0,0,0,0,0,0,0,0,-1,0,0,-0.6749999999999999
0,0,0,0,0,0,0,0,0,0,0,0,1,-1,1,0,0,0,0,0,1,-1,0,-1,1,0,0,0,0,0,1,-1,-1,0,0,0,0,0,1,1,1,-1,0,0,0,0,-1,-1,1,1,-1,0,0,0,0,0,1,-1,-1,0,0,0,0,0,0,1,0,0,0,0,0,0,0,0,0,0,0,0,0,0,0,1,0,0,-0.7
0,0,0,0,0,0,0,0,0,0,0,0,1,-1,1,0,0,0,0,0,1,-1,-1,-1,1,0,0,0,0,0,1,-1,-1,0,0,0,0,0,1,1,1,-1,0,0,0,0,-1,-1,1,1,-1,0,0,0,0,0,1,-1,-1,0,0,0,0,0,0,1,0,0,0,0,0,0,0,0,0,0,0,0,0,0,0,-1,0,0,-0.725
0,0,0,0,0,0,0,0,0,0,0,0,1,-1,1,0,0,0,0,0,1,-1,-1,-1,1,0,0,0,0,0,1,-1,-1,0,0,0,0,0,1,1,1,-1,0,0,0,0,-1,-1,1,1,-1,0,0,0,0,0,1,-1,-1,1,0,0,0,0,0,1,0,0,0,0,0,0,0,0,0,0,0,0,0,0,0,1,0,0,-0.75
0,0,0,0,0,0,0,0,0,0,0,0,1,-1,1,0,0,0,0,0,1,-1,-1,-1,1,0,0,0,0,0,1,-1,-1,0,0,0,0,0,1,1,1,-1,0,0,0,0,-1,-1,1,1,-1,0,0,0,0,0,1,-1,-1,1,-1,0,0,0,0,1,0,0,0,0,0,0,0,0,0,0,0,0,0,0,0,-1,0,0,-0.775
0,0,0,0,0,0,0,0,0,0,0,0,1,-1,1,0,0,0,0,0,1,-1,-1,-1,1,0,0,0,0,0,1,-1,-1,0,0,0,0,0,1,1,1,-1,0,0,0,0,-1,-1,1,1,-1,0,0,0,0,0,1,-1,-1,1,-1,0,0,0,0,1,0,0,1,0,0,0,0,0,0,0,0,0,0,0,0,1,0,0,-0.7999999999999999
0,0,0,0,0,0,0,0,0,0,0,0,1,-1,1,0,0,0,0,0,1,-1,-1,-1,1,0,0,0,0,0,1,-1,-1,0,0,0,0,-1,1,1,1,-1,0,0,0,0,-1,-1,1,1,-1,0,0,0,0,0,1,-1,-1,1,-1,0,0,0,0,1,0,0,1,0,0,0,0,0,0,0,0,0,0,0,0,-1,0,0,-0.825
0,0,0,0,0,0,0,0,0,0,0,0,1,-1,1,0,0,0,0,0,1,-1,-1,-1,1,0,0,0,0,1,1,-1,-1,0,0,0,0,-1,1,1,1,-1,0,0,0,0,-1,-1,1,1,-1,0,0,0,0,0,1,-1,-1,1,-1,0,0,0,0,1,0,0,1,0,0,0,0,0,0,0,0,0,0,0,0,1,0,0,-0.85
0,0,0,0,0,0,0,0,0,0,0,-1,1,-1,1,0,0,0,0,0,1,-1,-1,-1,1,0,0,0,0,1,1,-1,-1,0,0,0,0,-1,1,1,1,-1,0,0,0,0,-1,-1,1,1,-1,0,0,0,0,0,1,-1,-1,1,-1,0,0,0,0,1,0,0,1,0,0,0,0,0,0,0,0,0,0,0,0,-1,0,0,-0.875
0,0,0,0,0,0,0,0,0,0,1,-1,1,-1,1,0,0,0,0,0,1,-1,-1,-1,1,0,0,0,0,1,1,-1,-1,0,0,0,0,-1,1,1,1,-1,0,0,0,0,-1,-1,1,1,-1,0,0,0,0,0,1,-1,-1,1,-1,0,0,0,0,1,0,0,1,0,0,0,0,0,0,0,0,0,0,0,0,1,0,0,-0.9
0,0,0,-1,0,0,0,0,0,0,1,-1,0,-1,1,0,0,0,0,0,1,-1,-1,-1,1,0,0,0,0,1,1,-1,-1,0,0,0,0,-1,1,1,1,-1,0,0,0,0,-1,-1,1,1,-1,0,0,0,0,0,1,-1,-1,1,-1,0,0,0,0,1,0,0,1,0,0,0,0,0,0,0,0,0,0,0,0,-1,0,0,-0.9249999999999999
0,0,0,-1,0,0,0,0,0,0,1,-1,0,-1,1,0,0,0,0,0,1,-1,-1,-1,1,0,0,0,1,1,1,-1,-1,0,0,0,0,-1,1,1,1,-1,0,0,0,0,-1,-1,1,1,-1,0,0,0,0,0,1,-1,-1,1,-1,0,0,0,0,1,0,0,1,0,0,0,0,0,0,0,0,0,0,0,0,1,0,0,-0.95
0,0,0,-1,0,0,0,0,0,0,1,-1,0,-1,1,0,0,0,0,0,1,-1,-1,-1,1,0,0,0,1,1,1,-1,-1,0,0,0,0,-1,1,1,1,-1,0,0,0,0,-1,-1,1,1,-1,0,0,0,0,0,1,-1,-1,1,-1,0,0,0,0,1,0,0,1,-1,0,0,0,0,0,0,0,0,0,0,0,-1,0,0,-0.975
0,0,0,-1,0,0,0,0,0,0,1,-1,0,-1,1,0,1,0,0,0,1,-1,-1,-1,1,0,0,0,1,1,1,-1,-1,0,0,0,0,-1,1,1,1,-1,0,0,0,0,-1,-1,1,1,-1,0,0,0,0,0,1,-1,-1,1,-1,0,0,0,0,1,0,0,1,-1,0,0,0,0,0,0,0,0,0,0,0,1,0,0,-1
0,0,0,-1,0,0,0,0,0,0,1,-1,0,-1,1,0,1,0,0,0,1,-1,-1,-1,1,0,0,0,1,1,1,-1,-1,0,-1,0,0,-1,1,1,1,-1,0,0,0,0,-1,-1,1,1,-1,0,0,0,0,0,1,-1,-1,1,-1,0,0,0,0,1,0,0,1,-1,0,0,0,0,0,0,0,0,0,0,0,-1,0,0,-1
0,0,0,-1,0,0,0,0,0,0,1,-1,0,-1,1,0,1,0,0,0,1,-1,-1,-1,1,0,0,0,1,1,1,-1,-1,1,-1,0,0,-1,1,1,1,-1,0,0,0,0,-1,-1,1,1,-1,0,0,0,0,0,1,-1,-1,1,-1,0,0,0,0,1,0,0,1,-1,0,0,0,0,0,0,0,0,0,0,0,1,0,0,-1
0,0,0,-1,0,0,0,0,0,0,1,-1,0,-1,1,0,1,0,0,0,1,-1,-1,-1,1,0,0,0,1,1,1,-1,-1,1,-1,0,0,-1,1,1,1,-1,0,-1,0,0,-1,-1,1,1,-1,0,0,0,0,0,1,-1,-1,1,-1,0,0,0,0,1,0,0,1,-1,0,0,0,0,0,0,0,0,0,0,0,-1,0,0,-1
0,0,0,0,0,0,0,0,0,0,0,0,0,0,0,0,0,0,0,0,0,0,0,0,0,0,0,0,0,0,0,0,0,0,0,0,0,0,0,0,0,0,0,0,0,0,0,0,0,1,0,0,0,0,0,0,0,0,0,0,0,0,0,0,0,0,0,0,0,0,0,0,0,0,0,0,0,0,0,0,0,1,0,0,0.1
0,0,0,0,0,0,0,0,0,0,0,0,0,0,0,0,0,0,0,0,0,0,0,0,0,0,0,0,0,0,0,-1,0,0,0,0,0,0,0,0,0,0,0,0,0,0,0,0,0,1,0,0,0,0,0,0,0,0,0,0,0,0,0,0,0,0,0,0,0,0,0,0,0,0,0,0,0,0,0,0,0,-1,0,0,0.11960784313725491
0,0,0,0,0,0,0,0,0,0,0,0,0,0,0,0,0,0,0,0,0,0,0,0,0,0,0,0,0,0,0,-1,0,0,0,0,0,0,1,0,0,0,0,0,0,0,0,0,0,1,0,0,0,0,0,0,0,0,0,0,0,0,0,0,0,0,0,0,0,0,0,0,0,0,0,0,0,0,0,0,0,1,0,0,0.1392156862745098
0,0,0,0,0,0,0,0,0,0,0,0,0,0,0,0,0,0,0,0,0,0,0,0,0,0,0,0,0,-1,0,-1,0,0,0,0,0,0,1,0,0,0,0,0,0,0,0,0,0,1,0,0,0,0,0,0,0,0,0,0,0,0,0,0,0,0,0,0,0,0,0,0,0,0,0,0,0,0,0,0,0,-1,0,0,0.1588235294117647
0,0,0,0,0,0,0,0,0,0,0,0,0,0,0,0,0,0,0,0,0,0,0,0,0,0,0,0,1,-1,0,-1,0,0,0,0,0,0,1,0,0,0,0,0,0,0,0,0,0,1,0,0,0,0,0,0,0,0,0,0,0,0,0,0,0,0,0,0,0,0,0,0,0,0,0,0,0,0,0,0,0,1,0,0,0.1784313725490196
0,0,0,0,0,0,0,0,0,0,0,0,0,0,0,0,0,0,0,0,0,0,0,0,0,0,0,0,1,-1,0,-1,0,0,0,0,0,0,1,0,0,0,0,0,0,0,0,0,0,1,-1,0,0,0,0,0,0,0,0,0,0,0,0,0,0,0,0,0,0,0,0,0,0,0,0,0,0,0,0,0,0,-1,0,0,0.19803921568627453
0,0,0,0,0,0,0,0,0,0,0,0,0,0,0,0,0,0,0,0,0,0,0,0,0,0,0,0,1,-1,0,-1,0,0,0,0,0,0,1,0,0,0,0,0,0,0,0,0,0,1,-1,0,0,0,0,0,0,0,0,1,0,0,0,0,0,0,0,0,0,0,0,0,0,0,0,0,0,0,0,0,0,1,0,0,0.21764705882352942
0,0,0,0,0,0,0,0,0,0,0,0,0,0,0,0,0,0,0,0,0,0,0,0,0,0,0,0,1,-1,0,-1,0,0,0,0,0,0,1,-1,0,0,0,0,0,0,0,0,0,1,-1,0,0,0,0,0,0,0,0,1,0,0,0,0,0,0,0,0,0,0,0,0,0,0,0,0,0,0,0,0,0,-1,0,0,0.23725490196078433
0,0,0,0,0,0,0,0,0,0,0,0,0,0,0,0,0,0,0,0,0,0,0,0,0,0,0,0,1,-1,0,-1,0,0,0,0,0,0,1,-1,0,0,0,0,0,0,0,0,1,1,-1,0,0,0,0,0,0,0,0,1,0,0,0,0,0,0,0,0,0,0,0,0,0,0,0,0,0,0,0,0,0,1,0,0,0.2568627450980392
0,0,0,0,0,0,0,0,0,0,0,0,0,0,0,0,0,0,0,0,0,0,0,0,0,0,0,0,1,-1,0,-1,0,0,0,0,0,-1,1,-1,0,0,0,0,0,0,0,0,1,1,-1,0,0,0,0,0,0,0,0,1,0,0,0,0,0,0,0,0,0,0,0,0,0,0,0,0,0,0,0,0,0,-1,0,0,0.27647058823529413
0,0,0,0,0,0,0,0,0,0,0,0,0,0,0,0,0,0,0,0,0,0,0,0,0,0,0,0,1,-1,0,-1,0,0,0,0,0,-1,1,-1,0,0,0,0,0,0,0,1,1,1,-1,0,0,0,0,0,0,0,0,1,0,0,0,0,0,0,0,0,0,0,0,0,0,0,0,0,0,0,0,0,0,1,0,0,0.296078431372549
0,0,0,0,0,0,0,0,0,0,0,0,0,0,0,0,0,0,0,-1,0,0,0,0,0,0,0,0,1,-1,0,-1,0,0,0,0,0,-1,1,-1,0,0,0,0,0,0,0,1,1,1,-1,0,0,0,0,0,0,0,0,1,0,0,0,0,0,0,0,0,0,0,0,0,0,0,0,0,0,0,0,0,0,-1,0,0,0.3156862745098039
0,0,0,0,0,0,0,0,0,0,0,0,0,0,0,0,0,0,0,-1,0,0,0,0,0,0,0,0,1,-1,0,-1,1,0,0,0,0,-1,1,-1,0,0,0,0,0,0,0,1,1,1,-1,0,0,0,0,0,0,0,0,1,0,0,0,0,0,0,0,0,0,0,0,0,0,0,0,0,0,0,0,0,0,1,0,0,0.33529411764705885
0,0,0,0,0,0,0,0,0,0,0,0,0,0,0,0,0,0,0,-1,0,0,0,0,0,0,0,0,1,-1,0,-1,1,0,0,0,0,-1,1,-1,0,0,0,0,0,0,0,1,1,1,-1,0,0,0,0,0,0,0,0,1,-1,0,0,0,0,0,0,0,0,0,0,0,0,0,0,0,0,0,0,0,0,-1,0,0,0.3549019607843137
0,0,0,0,0,0,0,0,0,0,0,0,0,0,0,0,0,0,0,-1,0,0,0,0,0,0,0,0,1,-1,0,-1,1,0,0,0,0,-1,1,-1,0,0,0,0,0,0,0,1,1,1,-1,1,0,0,0,0,0,0,0,1,-1,0,0,0,0,0,0,0,0,0,0,0,0,0,0,0,0,0,0,0,0,1,0,0,0.37450980392156863
0,0,0,0,0,0,0,0,0,0,0,0,0,0,0,0,0,0,0,-1,0,0,0,-1,0,0,0,0,1,-1,0,-1,1,0,0,0,0,-1,1,-1,0,0,0,0,0,0,0,1,1,1,-1,1,0,0,0,0,0,0,0,1,-1,0,0,0,0,0,0,0,0,0,0,0,0,0,0,0,0,0,0,0,0,-1,0,0,0.3941176470588236
0,0,0,0,0,0,0,0,0,0,0,0,0,0,0,0,0,0,0,-1,0,0,0,-1,0,0,0,0,1,-1,0,-1,1,0,0,0,0,-1,1,-1,1,0,0,0,0,0,0,1,1,1,-1,1,0,0,0,0,0,0,0,1,-1,0,0,0,0,0,0,0,0,0,0,0,0,0,0,0,0,0,0,0,0,1,0,0,0.4137254901960784
0,0,0,0,0,0,0,0,0,0,0,0,0,0,0,0,0,0,0,-1,0,0,0,-1,0,0,0,0,1,-1,-1,-1,1,0,0,0,0,-1,1,-1,1,0,0,0,0,0,0,1,1,1,-1,1,0,0,0,0,0,0,0,1,-1,0,0,0,0,0,0,0,0,0,0,0,0,0,0,0,0,0,0,0,0,-1,0,0,0.43333333333333335
0,0,0,0,0,0,0,0,0,0,0,0,0,0,0,0,0,0,0,-1,0,0,0,-1,1,0,0,0,1,-1,-1,-1,1,0,0,0,0,-1,1,-1,1,0,0,0,0,0,0,1,1,1,-1,1,0,0,0,0,0,0,0,1,-1,0,0,0,0,0,0,0,0,0,0,0,0,0,0,0,0,0,0,0,0,1,0,0,0.4529411764705883
0,0,0,0,0,0,0,0,0,0,0,0,0,0,0,0,0,0,0,-1,0,0,0,-1,1,0,0,0,1,-1,-1,-1,1,0,0,0,0,-1,1,-1,1,0,0,0,0,0,0,1,1,1,-1,1,0,0,0,0,0,0,0,1,-1,0,0,0,0,0,0,0,-1,0,0,0,0,0,0,0,0,0,0,0,0,-1,0,0,0.4725490196078431
0,0,0,0,0,0,0,0,0,0,0,0,0,0,0,0,0,0,0,-1,0,0,0,-1,1,0,0,0,1,-1,-1,-1,1,0,0,0,0,-1,1,-1,1,1,0,0,0,0,0,1,1,1,0,1,0,0,0,0,0,0,0,1,-1,0,0,0,0,0,0,0,-1,0,0,0,0,0,0,0,0,0,0,0,0,1,0,0,0.49215686274509807
0,0,0,0,0,0,0,0,0,0,0,0,0,0,0,0,0,0,0,-1,0,0,0,-1,1,0,0,0,1,-1,-1,-1,1,0,0,0,0,-1,1,-1,1,1,0,0,0,0,0,1,1,1,0,1,0,0,0,0,0,0,0,1,-1,0,0,0,0,0,0,0,-1,0,-1,0,0,0,0,0,0,0,0,0,0,-1,0,0,0.5117647058823529
0,0,0,0,0,0,0,0,0,0,0,0,0,0,0,0,0,0,0,-1,0,0,1,-1,1,0,0,0,1,-1,-1,-1,1,0,0,0,0,-1,1,-1,1,1,0,0,0,0,0,1,1,1,0,1,0,0,0,0,0,0,0,1,-1,0,0,0,0,0,0,0,-1,0,-1,0,0,0,0,0,0,0,0,0,0,1,0,0,0.5313725490196078
0,0,0,0,0,0,0,0,0,0,0,0,-1,0,0,0,0,0,0,-1,0,0,1,-1,1,0,0,0,1,-1,-1,-1,1,0,0,0,0,-1,1,-1,1,1,0,0,0,0,0,1,1,1,0,1,0,0,0,0,0,0,0,1,-1,0,0,0,0,0,0,0,-1,0,-1,0,0,0,0,0,0,0,0,0,0,-1,0,0,0.5509803921568628
0,0,0,0,0,0,0,0,0,0,0,0,-1,0,0,0,0,0,0,-1,0,0,1,-1,1,0,0,0,1,-1,-1,-1,1,0,0,0,0,-1,1,-1,1,1,0,0,0,0,0,1,1,1,0,1,0,0,0,0,0,0,0,1,-1,0,0,0,0,0,0,1,-1,0,-1,0,0,0,0,0,0,0,0,0,0,1,0,0,0.5705882352941176
0,0,0,0,0,0,0,0,0,0,0,0,-1,0,0,0,0,0,0,-1,0,0,1,-1,1,0,0,0,1,-1,-1,-1,1,0,0,0,0,-1,1,-1,1,1,0,0,0,0,0,1,1,1,0,1,-1,0,0,0,0,0,0,1,-1,0,0,0,0,0,0,1,-1,0,-1,0,0,0,0,0,0,0,0,0,0,-1,0,0,0.5901960784313726
0,0,0,0,0,0,0,0,0,0,0,0,-1,0,0,0,0,0,0,-1,0,0,1,-1,1,0,0,0,1,-1,-1,-1,1,0,0,0,0,-1,1,-1,1,1,0,1,0,0,0,1,1,1,0,1,-1,0,0,0,0,0,0,1,-1,0,0,0,0,0,0,1,-1,0,-1,0,0,0,0,0,0,0,0,0,0,1,0,0,0.6098039215686274
0,0,0,0,0,0,0,0,0,0,0,0,-1,0,0,0,0,0,0,-1,0,0,1,-1,1,0,0,0,1,-1,-1,-1,1,0,0,0,0,-1,1,-1,1,1,0,1,0,0,-1,1,1,1,0,1,-1,0,0,0,0,0,0,1,-1,0,0,0,0,0,0,1,-1,0,-1,0,0,0,0,0,0,0,0,0,0,-1,0,0,0.6294117647058823
0,0,0,0,0,0,0,0,0,0,0,0,-1,0,1,0,0,0,0,-1,0,0,1,0,1,0,0,0,1,-1,-1,-1,1,0,0,0,0,-1,1,-1,1,1,0,1,0,0,-1,1,1,1,0,1,-1,0,0,0,0,0,0,1,-1,0,0,0,0,0,0,1,-1,0,-1,0,0,0,0,0,0,0,0,0,0,1,0,0,0.6490196078431373
0,0,0,0,0,0,0,0,0,0,0,0,-1,0,1,0,0,0,0,-1,0,0,1,0,1,0,0,0,1,-1,-1,-1,1,0,0,0,0,-1,1,-1,1,1,0,1,0,0,-1,1,1,1,0,1,-1,0,0,-1,0,0,0,1,-1,0,0,0,0,0,0,1,-1,0,-1,0,0,0,0,0,0,0,0,0,0,-1,0,0,0.6686274509803921
0,0,0,0,0,0,0,0,0,0,0,0,-1,0,1,0,0,0,0,-1,0,0,1,0,1,0,0,0,1,-1,-1,-1,1,0,0,0,0,-1,1,-1,1,1,0,1,0,0,-1,1,1,1,0,1,-1,0,0,-1,0,0,0,1,-1,0,0,0,0,0,0,1,-1,0,-1,0,0,0,0,0,0,1,0,0,0,1,0,0,0.6882352941176471
0,0,0,0,0,0,0,0,0,0,0,0,-1,0,1,0,0,0,0,-1,0,0,1,0,1,0,0,0,1,-1,-1,-1,1,0,0,0,0,-1,1,-1,1,1,0,1,0,0,-1,1,1,1,0,1,-1,0,0,-1,0,0,0,1,-1,0,0,0,0,0,0,1,-1,0,-1,0,0,0,0,0,0,1,-1,0,0,-1,0,0,0.7078431372549019
0,0,0,0,0,0,0,0,0,0,0,0,-1,0,1,0,0,0,0,-1,0,0,1,0,1,0,0,0,1,-1,-1,-1,1,0,0,0,0,-1,1,-1,1,1,0,1,0,0,-1,1,1,1,0,1,-1,0,0,-1,0,0,0,1,-1,0,0,0,0,0,0,1,0.5,1,-1,0,0,0,0,0,0,1,-1,0,0,1,8,6,0.7274509803921568
0,0,0,0,0,0,0,0,0,0,0,0,-1,0,1,0,0,0,0,-1,0,0,1,0,1,0,0,0,1,-1,-1,-1,1,0,0,0,0,-1,1,-1,1,1,0,1,0,0,-1,1,1,1,0,1,-1,0,0,-1,0,0,0,1,-1,0,0,0,0,-1,0,1,0,1,-1,0,0,0,0,0,0,1,-1,0,0,-1,0,0,0.7470588235294118
0,0,0,0,0,0,0,0,0,0,0,0,-1,0,1,0,0,0,0,-1,0,0,1,0,1,0,0,0,1,-1,-1,-1,1,0,0,0,0,-1,1,-1,1,1,0,1,0,0,-1,1,1,1,0,1,-1,0,0,-1,0,0,0,1,-1,0,0,0,0,-1,0,1,0,1,-1,0,0,0,0,0,0,1,0,1,0,1,0,0,0.7666666666666666
0,0,0,0,0,0,0,0,0,0,0,0,-1,-1,1,0,0,0,0,-1,0,0,1,0,1,0,0,0,1,-1,-1,-1,1,0,0,0,0,-1,1,-1,1,1,0,1,0,0,-1,1,1,1,0,1,-1,0,0,-1,0,0,0,1,-1,0,0,0,0,-1,0,1,0,1,-1,0,0,0,0,0,0,1,0,1,0,-1,0,0,0.7862745098039216
0,0,0,0,0,0,0,0,0,0,0,0,-1,-1,1,0,0,0,0,-1,0,0,1,0,1,0,0,0,1,-1,-1,-1,1,0,0,0,0,-1,1,-1,1,1,0,1,0,0,-1,1,1,1,0,1,-1,0,0,-1,0,0,0,1,-1,0,0,0,0,-1,1,1,0,1,-1,0,0,0,0,0,0,1,0,1,0,1,0,0,0.8058823529411765
0,0,0,0,0,0,0,0,0,0,0,0,-1,-1,1,0,0,0,0,-1,0,0,1,0,1,0,0,0,1,-1,-1,-1,1,0,0,0,0,-1,1,-1,1,1,0,1,0,0,-1,1,1,1,0,1,-1,0,0,-1,-1,0,0,1,-1,0,0,0,0,-1,1,1,0,1,-1,0,0,0,0,0,0,1,0,1,0,-1,0,0,0.8254901960784313
0,0,0,0,0,0,0,0,0,0,0,0,-1,-1,1,0,0,0,0,-1,0,1,1,0,1,0,0,0,1,-1,-1,-1,1,0,0,0,0,-1,1,-1,1,1,0,1,0,0,-1,1,1,1,0,1,-1,0,0,-1,-1,0,0,1,-1,0,0,0,0,-1,1,1,0,1,-1,0,0,0,0,0,0,1,0,1,0,1,0,0,0.8450980392156863
0,0,0,0,0,0,0,0,0,0,0,0,-1,-1,1,0,0,0,0,-1,-1,1,1,0,1,0,0,0,1,-1,-1,-1,1,0,0,0,0,-1,1,-1,1,1,0,1,0,0,-1,1,1,1,0,1,-1,0,0,-1,-1,0,0,1,-1,0,0,0,0,-1,1,1,0,1,-1,0,0,0,0,0,0,1,0,1,0,-1,0,0,0.8647058823529411
0,0,0,0,0,0,0,0,0,0,0,0,-1,-1,1,0,0,0,0,-1,-1,1,1,1,1,0,0,0,1,-1,-1,-1,1,0,0,0,0,-1,1,-1,1,1,0,1,0,0,-1,1,1,1,0,1,-1,0,0,-1,-1,0,0,1,-1,0,0,0,0,-1,1,1,0,1,-1,0,0,0,0,0,0,1,0,1,0,1,0,0,0.884313725490196
0,0,0,0,0,0,0,0,0,0,0,0,-1,-1,1,0,0,0,0,-1,-1,1,1,1,1,0,0,0,1,-1,-1,-1,1,0,0,0,0,-1,1,-1,1,1,0,1,0,0,-1,1,1,1,0,1,-1,0,0,-1,-1,0,0,1,-1,0,0,0,0,-1,1,1,0,1,-1,0,0,0,0,-1,0,1,0,1,0,-1,0,0,0.903921568627451
0,0,0,0,1,0,0,0,0,0,0,0,-1,-1,1,0,0,0,0,-1,-1,1,1,1,1,0,0,0,1,-1,-1,-1,1,0,0,0,0,-1,1,-1,1,1,0,1,0,0,-1,1,1,1,0,1,-1,0,0,-1,-1,0,0,1,-1,0,0,0,0,-1,1,1,0,1,-1,0,0,0,0,-1,0,1,0,1,0,1,0,0,0.9235294117647058
0,0,0,0,1,0,0,0,0,0,0,-1,-1,-1,1,0,0,0,0,-1,-1,1,1,1,1,0,0,0,1,-1,-1,-1,1,0,0,0,0,-1,1,-1,1,1,0,1,0,0,-1,1,1,1,0,1,-1,0,0,-1,-1,0,0,1,-1,0,0,0,0,-1,1,1,0,1,-1,0,0,0,0,-1,0,1,0,1,0,-1,0,0,0.9431372549019608
0,0,0,0,1,0,0,0,0,0,0,-1,-1,-1,1,0,0,0,0,-1,-1,1,1,1,1,0,0,0,1,-1,-1,-1,1,0,0,0,0,-1,1,-1,1,1,0,1,0,0,-1,1,1,1,0,1,-1,0,0,-1,-1,1,0,1,-1,0,0,0,0,-1,1,1,0,1,-1,0,0,0,0,-1,0,1,0,1,0,1,0,0,0.9627450980392157
0,0,0,-1,1,0,0,0,0,0,0,-1,-1,-1,1,0,0,0,0,-1,-1,1,1,1,1,0,0,0,1,-1,-1,-1,1,0,0,0,0,-1,1,-1,1,1,0,1,0,0,-1,1,1,1,0,1,-1,0,0,-1,-1,1,0,1,-1,0,0,0,0,-1,1,1,0,1,-1,0,0,0,0,-1,0,1,0,1,0,-1,0,0,0.9823529411764705
0,0,0,-1,1,1,0,0,0,0,0,-1,-1,-1,1,0,0,0,0,-1,-1,1,1,1,1,0,0,0,1,-1,-1,-1,1,0,0,0,0,-1,1,-1,1,1,0,1,0,0,-1,1,1,1,0,1,-1,0,0,-1,-1,1,0,1,-1,0,0,0,0,-1,1,1,0,1,-1,0,0,0,0,-1,0,1,0,1,0,1,0,0,1
0,0,0,-1,1,1,0,0,0,0,0,-1,-1,-1,1,0,0,0,0,-1,-1,1,1,1,1,0,0,0,1,-1,-1,-1,1,0,0,0,0,-1,1,-1,1,1,0,1,0,0,-1,1,1,1,0,1,-1,0,0,-1,-1,1,0,1,-1,0,0,0,0,-1,1,1,0,1,-1,0,0,0,-1,-1,0,1,0,1,0,-1,0,0,1
0,0,0,-1,1,1,0,0,0,0,0,-1,-1,-1,1,0,0,0,0,-1,-1,1,1,1,1,0,0,0,1,-1,-1,-1,1,0,0,0,0,-1,1,-1,1,1,0,1,0,0,-1,1,1,1,0,1,-1,0,0,-1,-1,1,0,1,-1,0,0,0,0,-1,1,1,0,1,-1,0,0,0,-1,-1,1,1,0,1,0,1,0,0,1
0,0,0,0,0,0,0,0,0,0,0,0,0,0,0,0,0,0,0,0,0,0,0,0,0,0,0,0,0,0,0,0,0,0,0,0,0,0,0,0,0,0,0,0,0,0,0,0,0,1,0,0,0,0,0,0,0,0,0,0,0,0,0,0,0,0,0,0,0,0,0,0,0,0,0,0,0,0,0,0,0,1,0,0,-0.1
0,0,0,0,0,0,0,0,0,0,0,0,0,0,0,0,0,0,0,0,0,0,0,0,0,0,0,0,0,0,0,-1,0,0,0,0,0,0,0,0,0,0,0,0,0,0,0,0,0,1,0,0,0,0,0,0,0,0,0,0,0,0,0,0,0,0,0,0,0,0,0,0,0,0,0,0,0,0,0,0,0,-1,0,0,-0.11886792452830189
0,0,0,0,0,0,0,0,0,0,0,0,0,0,0,0,0,0,0,0,0,0,0,0,0,0,0,0,0,0,0,-1,0,0,0,0,0,0,0,0,0,0,1,0,0,0,0,0,0,1,0,0,0,0,0,0,0,0,0,0,0,0,0,0,0,0,0,0,0,0,0,0,0,0,0,0,0,0,0,0,0,1,0,0,-0.13773584905660377
0,0,0,0,0,0,0,0,0,0,0,0,0,0,0,0,0,0,0,0,0,0,0,0,0,0,0,0,0,0,0,-1,0,0,0,0,0,0,0,0,0,0,1,0,0,0,0,0,0,1,0,0,0,0,0,0,0,0,0,0,0,0,0,0,0,0,0,-1,0,0,0,0,0,0,0,0,0,0,0,0,0,-1,0,0,-0.15660377358490568
0,0,0,0,0,0,0,0,0,0,0,0,0,0,0,0,0,0,0,0,0,0,0,1,0,0,0,0,0,0,0,-1,0,0,0,0,0,0,0,0,0,0,1,0,0,0,0,0,0,1,0,0,0,0,0,0,0,0,0,0,0,0,0,0,0,0,0,-1,0,0,0,0,0,0,0,0,0,0,0,0,0,1,0,0,-0.17547169811320756
0,0,0,0,0,0,0,0,0,0,0,0,0,0,0,0,0,0,0,0,0,0,-1,1,0,0,0,0,0,0,0,-1,0,0,0,0,0,0,0,0,0,0,1,0,0,0,0,0,0,1,0,0,0,0,0,0,0,0,0,0,0,0,0,0,0,0,0,-1,0,0,0,0,0,0,0,0,0,0,0,0,0,-1,0,0,-0.19433962264150945
0,0,0,0,0,0,0,0,0,0,0,0,0,0,0,0,0,0,0,0,0,0,-1,1,0,0,0,0,0,0,0,-1,0,0,0,0,0,0,0,0,0,0,1,0,0,0,0,0,0,1,0,0,0,0,0,0,0,0,0,0,1,0,0,0,0,0,0,-1,0,0,0,0,0,0,0,0,0,0,0,0,0,1,0,0,-0.21320754716981133
0,0,0,0,0,0,0,0,0,0,0,0,0,0,0,0,0,0,0,0,0,0,-1,1,0,0,0,0,0,0,0,-1,0,0,0,0,0,0,0,0,0,0,1,0,0,0,0,0,0,1,0,0,0,0,0,0,-1,0,0,0,1,0,0,0,0,0,0,-1,0,0,0,0,0,0,0,0,0,0,0,0,0,-1,0,0,-0.2320754716981132
0,0,0,0,0,0,0,0,0,0,0,0,0,0,0,0,0,0,0,0,0,0,-1,1,0,0,0,0,0,0,0,-1,0,0,0,0,0,0,0,0,0,0,1,0,0,0,0,1,0,1,0,0,0,0,0,0,-1,0,0,0,1,0,0,0,0,0,0,-1,0,0,0,0,0,0,0,0,0,0,0,0,0,1,0,0,-0.2509433962264151
0,0,0,0,0,0,0,0,0,0,0,0,0,0,0,0,0,0,0,0,0,0,-1,1,0,0,0,0,0,0,0,-1,0,0,0,0,0,0,0,0,0,0,1,0,0,0,0,1,0,1,0,0,0,0,0,0,-1,-1,0,0,1,0,0,0,0,0,0,-1,0,0,0,0,0,0,0,0,0,0,0,0,0,-1,0,0,-0.269811320754717
0,0,0,0,0,0,0,0,0,0,0,0,0,0,0,0,0,0,0,0,0,0,-1,1,0,0,0,0,0,0,0,-1,0,0,0,0,0,0,0,0,0,0,1,0,0,0,0,1,1,1,0,0,0,0,0,0,-1,-1,0,0,1,0,0,0,0,0,0,-1,0,0,0,0,0,0,0,0,0,0,0,0,0,1,0,0,-0.2886792452830189
0,0,0,0,0,0,0,0,0,0,0,0,0,0,0,0,0,0,0,0,0,0,-1,1,0,0,0,0,0,-1,0,-1,0,0,0,0,0,0,0,0,0,0,1,0,0,0,0,1,1,1,0,0,0,0,0,0,-1,-1,0,0,1,0,0,0,0,0,0,-1,0,0,0,0,0,0,0,0,0,0,0,0,0,-1,0,0,-0.3075471698113208
0,0,0,0,0,0,0,0,0,0,0,0,0,0,0,0,0,0,0,0,0,0,-1,1,0,0,0,0,0,-1,0,-1,0,0,0,0,0,0,0,0,0,0,1,0,0,0,0,1,1,1,0,0,0,0,0,0,-1,-1,0,0,1,0,0,0,0,0,0,-1,1,0,0,0,0,0,0,0,0,0,0,0,0,1,0,0,-0.3264150943396227
0,0,0,0,0,0,0,0,0,0,0,0,0,0,0,0,0,0,0,0,0,0,-1,1,0,0,0,0,0,-1,0,-1,0,0,0,0,0,0,0,0,0,0,1,0,0,0,0,1,1,1,0,0,0,0,0,0,-1,-1,-1,0,1,0,0,0,0,0,0,-1,1,0,0,0,0,0,0,0,0,0,0,0,0,-1,0,0,-0.34528301886792456
0,0,0,0,0,0,0,0,0,0,0,0,0,0,1,0,0,0,0,0,0,0,-1,1,0,0,0,0,0,-1,0,-1,0,0,0,0,0,0,0,0,0,0,1,0,0,0,0,1,1,1,0,0,0,0,0,0,-1,-1,-1,0,1,0,0,0,0,0,0,-1,1,0,0,0,0,0,0,0,0,0,0,0,0,1,0,0,-0.36415094339622645
0,0,0,0,0,0,0,0,0,0,0,0,0,0,1,0,0,0,0,0,0,0,-1,1,0,0,0,0,0,-1,0,-1,0,0,0,0,0,0,0,0,0,0,1,0,0,0,0,1,1,1,-1,0,0,0,0,0,-1,-1,-1,0,1,0,0,0,0,0,0,-1,1,0,0,0,0,0,0,0,0,0,0,0,0,-1,0,0,-0.38301886792452833
0,0,0,0,0,0,0,0,0,0,0,0,0,0,1,0,0,0,0,0,0,0,-1,1,0,0,0,0,0,-1,0,-1,0,0,0,0,0,0,0,0,0,1,1,0,0,0,0,1,1,1,-1,0,0,0,0,0,-1,-1,-1,0,1,0,0,0,0,0,0,-1,1,0,0,0,0,0,0,0,0,0,0,0,0,1,0,0,-0.4018867924528302
0,0,0,0,0,0,0,0,0,0,0,0,0,0,1,0,0,0,0,0,0,0,-1,1,0,0,0,0,0,-1,0,-1,0,0,0,0,0,0,0,0,0,1,1,0,0,0,0,1,1,1,-1,0,0,0,0,0,-1,-1,-1,-1,1,0,0,0,0,0,0,-1,1,0,0,0,0,0,0,0,0,0,0,0,0,-1,0,0,-0.4207547169811321
0,0,0,0,0,0,0,0,0,0,0,0,0,0,1,0,0,0,0,0,0,0,-1,1,0,0,0,0,0,-1,0,-1,0,0,0,0,0,0,0,0,1,1,1,0,0,0,0,1,1,1,-1,0,0,0,0,0,-1,-1,-1,-1,1,0,0,0,0,0,0,-1,1,0,0,0,0,0,0,0,0,0,0,0,0,1,0,0,-0.439622641509434
0,0,0,0,0,0,0,0,0,0,0,0,0,-1,1,0,0,0,0,0,0,0,-1,1,0,0,0,0,0,-1,0,-1,0,0,0,0,0,0,0,0,1,1,1,0,0,0,0,1,1,1,-1,0,0,0,0,0,-1,-1,-1,-1,1,0,0,0,0,0,0,-1,1,0,0,0,0,0,0,0,0,0,0,0,0,-1,0,0,-0.45849056603773586
0,0,0,0,0,0,0,0,0,0,0,0,0,-1,1,0,0,0,0,0,0,0,-1,1,0,0,0,0,0,-1,0,-1,0,0,0,0,0,1,0,0,1,1,1,0,0,0,0,1,1,1,-1,0,0,0,0,0,-1,-1,-1,-1,1,0,0,0,0,0,0,-1,1,0,0,0,0,0,0,0,0,0,0,0,0,1,0,0,-0.47735849056603774
0,0,0,0,0,0,0,0,0,0,0,0,0,-1,1,0,0,0,0,0,0,0,-1,1,0,0,0,0,-1,-1,0,-1,0,0,0,0,0,1,0,0,1,1,1,0,0,0,0,1,1,1,-1,0,0,0,0,0,-1,-1,-1,-1,1,0,0,0,0,0,0,-1,1,0,0,0,0,0,0,0,0,0,0,0,0,-1,0,0,-0.4962264150943396
0,0,0,0,1,0,0,0,0,0,0,0,0,-1,1,0,0,0,0,0,0,0,-1,1,0,0,0,0,-1,-1,0,-1,0,0,0,0,0,1,0,0,1,1,1,0,0,0,0,1,1,1,-1,0,0,0,0,0,-1,-1,-1,-1,1,0,0,0,0,0,0,-1,1,0,0,0,0,0,0,0,0,0,0,0,0,1,0,0,-0.5150943396226415
0,0,0,0,1,0,0,0,0,0,0,0,0,-1,1,0,0,0,0,0,0,0,-1,1,0,0,0,0,-1,-1,0,-1,-1,0,0,0,0,1,0,0,1,1,1,0,0,0,0,1,1,1,-1,0,0,0,0,0,-1,-1,-1,-1,1,0,0,0,0,0,0,-1,1,0,0,0,0,0,0,0,0,0,0,0,0,-1,0,0,-0.5339622641509434
0,0,0,0,1,0,0,0,0,0,0,0,0,-1,1,0,0,0,0,0,0,0,-1,1,0,0,0,0,-1,-1,0,-1,-1,1,0,0,0,1,0,0,1,1,1,0,0,0,0,1,1,1,-1,0,0,0,0,0,-1,-1,-1,-1,1,0,0,0,0,0,0,-1,1,0,0,0,0,0,0,0,0,0,0,0,0,1,0,0,-0.5528301886792453
0,0,0,0,1,0,0,0,0,0,0,0,0,-1,1,0,0,0,0,0,0,0,-1,1,-1,0,0,0,-1,-1,0,-1,-1,1,0,0,0,1,0,0,1,1,1,0,0,0,0,1,1,1,-1,0,0,0,0,0,-1,-1,-1,-1,1,0,0,0,0,0,0,-1,1,0,0,0,0,0,0,0,0,0,0,0,0,-1,0,0,-0.5716981132075472
0,0,0,0,1,0,0,0,0,0,0,0,0,-1,1,1,0,0,0,0,0,0,-1,1,-1,0,0,0,-1,-1,0,-1,-1,1,0,0,0,1,0,0,1,1,1,0,0,0,0,1,1,1,-1,0,0,0,0,0,-1,-1,-1,-1,1,0,0,0,0,0,0,-1,1,0,0,0,0,0,0,0,0,0,0,0,0,1,0,0,-0.590566037735849
0,0,0,-1,1,0,0,0,0,0,0,0,0,-1,1,1,0,0,0,0,0,0,-1,1,-1,0,0,0,-1,-1,0,-1,-1,1,0,0,0,1,0,0,1,1,1,0,0,0,0,1,1,1,-1,0,0,0,0,0,-1,-1,-1,-1,1,0,0,0,0,0,0,-1,1,0,0,0,0,0,0,0,0,0,0,0,0,-1,0,0,-0.6094339622641509
0,0,0,-1,1,1,0,0,0,0,0,0,0,-1,1,1,0,0,0,0,0,0,-1,1,-1,0,0,0,-1,-1,0,-1,-1,1,0,0,0,1,0,0,1,1,1,0,0,0,0,1,1,1,-1,0,0,0,0,0,-1,-1,-1,-1,1,0,0,0,0,0,0,-1,1,0,0,0,0,0,0,0,0,0,0,0,0,1,0,0,-0.6283018867924528
0,0,0,-1,1,1,0,0,0,0,0,-1,0,-1,1,1,0,0,0,0,0,0,-1,1,-1,0,0,0,-1,-1,0,-1,-1,1,0,0,0,1,0,0,1,1,1,0,0,0,0,1,1,1,-1,0,0,0,0,0,-1,-1,-1,-1,1,0,0,0,0,0,0,-1,1,0,0,0,0,0,0,0,0,0,0,0,0,-1,0,0,-0.6471698113207547
0,0,0,-1,1,1,0,0,0,0,0,-1,0,-1,1,1,0,0,0,0,0,0,-1,1,-1,0,0,0,-1,-1,0,-1,-1,1,0,0,0,1,0,0,1,1,1,0,0,0,0,1,1,1,-1,0,0,0,0,0,-1,-1,-1,-1,1,0,0,0,0,0,0,-1,1,0,1,0,0,0,0,0,0,0,0,0,0,1,0,0,-0.6660377358490566
0,0,0,-1,1,1,0,0,0,0,0,-1,0,-1,1,1,0,0,0,0,0,0,-1,1,-1,0,0,0,-1,-1,0,-1,-1,1,0,0,0,1,0,0,1,1,1,0,0,0,0,1,1,1,-1,-1,0,0,0,0,-1,-1,-1,-1,1,0,0,0,0,0,0,-1,1,0,1,0,0,0,0,0,0,0,0,0,0,-1,0,0,-0.6849056603773584
0,0,0,-1,1,1,0,0,0,0,0,-1,0,-1,1,1,0,0,0,0,0,0,-1,1,-1,0,0,0,-1,-1,0,-1,-1,1,0,0,0,1,0,0,1,1,1,0,0,0,0,1,1,1,-1,-1,1,0,0,0,-1,-1,-1,-1,1,0,0,0,0,0,0,-1,1,0,1,0,0,0,0,0,0,0,0,0,0,1,0,0,-0.7037735849056603
0,0,0,-1,1,1,0,0,0,0,0,-1,0,-1,1,1,0,0,0,0,0,0,-1,1,-1,0,0,0,-1,-1,0,-1,-1,1,0,0,0,1,0,0,1,1,1,0,0,0,0,1,1,1,-1,-1,1,0,0,0,-1,-1,-1,-1,1,0,0,0,0,0,0,-1,1,0,1,0,0,0,0,0,0,-1,0,0,0,-1,0,0,-0.7226415094339622
0,0,0,-1,1,1,0,0,0,0,0,-1,0,-1,1,1,0,0,0,0,0,0,-1,1,-1,0,0,0,-1,-1,0,-1,-1,1,0,0,0,1,0,0,1,1,1,0,0,0,0,1,1,1,-1,-1,1,0,0,0,-1,-1,-1,-1,1,0,0,0,0,0,0,-1,1,1,1,0,0,0,0,0,0,-1,0,0,0,1,0,0,-0.7415094339622641
0,0,0,-1,1,1,0,0,0,0,0,-1,0,-1,1,1,0,0,0,0,0,0,-1,1,-1,0,0,0,-1,-1,0,-1,-1,1,0,0,0,1,0,0,1,1,1,0,0,0,0,1,1,1,-1,-1,1,0,0,-1,-1,-1,-1,-1,1,0,0,0,0,0,0,-1,1,1,1,0,0,0,0,0,0,-1,0,0,0,-1,0,0,-0.760377358490566
0,0,0,-1,1,1,0,0,0,0,0,-1,0,-1,1,1,0,0,0,0,0,0,-1,1,-1,0,0,1,-1,-1,0,-1,-1,1,0,0,0,1,0,0,1,1,1,0,0,0,0,1,1,1,-1,-1,1,0,0,-1,-1,-1,-1,-1,1,0,0,0,0,0,0,-1,1,1,1,0,0,0,0,0,0,-1,0,0,0,1,0,0,-0.7792452830188679
0,0,0,-1,1,1,0,0,0,0,0,-1,0,-1,1,1,0,0,-1,0,0,0,-1,1,-1,0,0,1,-1,-1,0,-1,-1,1,0,0,0,1,0,0,1,1,1,0,0,0,0,1,1,1,-1,-1,1,0,0,-1,-1,-1,-1,-1,1,0,0,0,0,0,0,-1,1,1,1,0,0,0,0,0,0,-1,0,0,0,-1,0,0,-0.7981132075471697
0,0,0,-1,1,1,0,0,0,0,0,-1,0,-1,1,1,0,0,-1,0,0,0,-1,1,-1,0,0,1,-1,-1,0,-1,-1,1,0,0,1,1,0,0,1,1,1,0,0,0,0,1,1,1,-1,-1,1,0,0,-1,-1,-1,-1,-1,1,0,0,0,0,0,0,-1,1,1,1,0,0,0,0,0,0,-1,0,0,0,1,0,0,-0.8169811320754716
0,0,0,-1,1,1,0,0,0,0,0,-1,0,-1,1,1,0,0,-1,-1,0,0,-1,1,-1,0,0,1,-1,-1,0,-1,-1,1,0,0,1,1,0,0,1,1,1,0,0,0,0,1,1,1,-1,-1,1,0,0,-1,-1,-1,-1,-1,1,0,0,0,0,0,0,-1,1,1,1,0,0,0,0,0,0,-1,0,0,0,-1,0,0,-0.8358490566037735
0,0,0,-1,1,1,0,0,0,0,0,-1,0,-1,1,1,0,0,-1,-1,0,0,-1,1,-1,0,0,1,-1,-1,0,-1,-1,1,0,0,1,1,0,0,1,1,1,0,0,0,0,1,1,1,-1,-1,1,0,0,-1,-1,-1,-1,-1,1,0,0,0,0,0,0,-1,1,1,1,0,0,0,0,0,0,-1,1,0,0,1,0,0,-0.8547169811320755
0,0,0,-1,1,1,0,0,0,0,0,-1,0,-1,1,1,0,0,-1,-1,0,0,-1,1,-1,0,0,1,-1,-1,0,-1,-1,1,0,0,1,1,0,0,1,1,1,0,0,0,0,1,1,1,-1,-1,1,0,0,-1,-1,-1,-1,-1,1,0,0,0,0,0,0,-1,1,1,1,0,0,0,0,0,-1,-1,1,0,0,-1,0,0,-0.8735849056603774
0,0,0,-1,1,1,0,0,0,0,0,-1,0,-1,1,1,0,0,-1,-1,0,0,-1,1,-1,0,0,1,-1,-1,1,-1,-1,1,0,0,1,1,0,0,1,1,1,0,0,0,0,1,1,1,-1,-1,1,0,0,-1,-1,-1,-1,-1,1,0,0,0,0,0,0,-1,1,1,1,0,0,0,0,0,-1,-1,1,0,0,1,0,0,-0.8924528301886793
0,0,0,-1,1,1,0,0,0,0,0,-1,0,-1,1,1,0,0,-1,-1,0,-1,-1,1,-1,0,0,1,-1,-1,1,-1,-1,1,0,0,1,1,0,0,1,1,1,0,0,0,0,1,1,1,-1,-1,1,0,0,-1,-1,-1,-1,-1,1,0,0,0,0,0,0,-1,1,1,1,0,0,0,0,0,-1,-1,1,0,0,-1,0,0,-0.9113207547169812
0,0,0,-1,1,1,0,0,0,0,0,-1,0,-1,1,1,0,0,-1,-1,0,-1,-1,1,-1,0,0,1,-1,-1,1,-1,-1,1,0,0,1,1,0,0,1,1,1,0,0,0,1,1,1,1,-1,-1,1,0,0,-1,-1,-1,-1,-1,1,0,0,0,0,0,0,-1,1,1,1,0,0,0,0,0,-1,-1,1,0,0,1,0,0,-0.930188679245283
0,0,0,-1,1,1,0,0,0,0,0,-1,0,-1,1,1,0,0,-1,-1,0,-1,-1,1,-1,0,0,1,-1,-1,1,-1,-1,1,0,0,1,1,0,0,1,1,1,0,0,0,1,1,1,1,-1,-1,1,0,-1,-1,-1,-1,-1,-1,1,0,0,0,0,0,0,-1,1,1,1,0,0,0,0,0,-1,-1,1,0,0,-1,0,0,-0.9490566037735849
0,0,0,-1,1,1,0,0,0,0,0,-1,0,-1,1,1,0,0,-1,-1,0,-1,-1,1,-1,0,0,1,-1,-1,1,-1,-1,1,0,0,1,1,0,1,1,1,1,0,0,0,1,1,1,1,-1,-1,1,0,-1,-1,-1,-1,-1,-1,1,0,0,0,0,0,0,-1,1,1,1,0,0,0,0,0,-1,-1,1,0,0,1,0,0,-0.9679245283018868
0,0,0,-1,1,1,0,0,0,0,0,-1,0,-1,1,1,0,0,-1,-1,0,-1,-1,1,-1,0,0,1,-1,-1,1,-1,-1,1,0,0,1,1,0,1,1,1,1,0,0,0,1,1,1,1,-1,-1,1,0,-1,-1,-1,-1,-1,-1,1,0,0,0,0,0,0,-1,1,1,1,0,0,-1,0,0,-1,-1,1,0,0,-1,0,0,-0.9867924528301887
0,0,0,-1,1,1,0,0,0,0,0,-1,0,-1,1,1,0,0,-1,-1,0,-1,-1,1,0,1,0,1,-1,-1,1,-1,-1,1,0,0,1,1,0,1,1,1,1,0,0,0,1,1,1,1,-1,-1,1,0,-1,-1,-1,-1,-1,-1,1,0,0,0,0,0,0,-1,1,1,1,0,0,-1,0,0,-1,-1,1,0,0,1,0,0,-1
0,0,0,-1,1,1,0,0,0,0,0,-1,0,-1,1,1,0,0,-1,-1,0,-1,-1,1,0,1,0,1,-1,-1,1,-1,-1,1,0,0,1,1,0,1,1,1,1,0,0,-1,1,1,1,1,-1,-1,1,0,-1,-1,-1,-1,-1,-1,1,0,0,0,0,0,0,-1,1,1,1,0,0,-1,0,0,-1,-1,1,0,0,-1,0,0,-1
0,0,0,-1,1,1,0,0,0,0,0,-1,0,-1,1,1,0,0,-1,-1,0,-1,-1,1,0,1,0,1,-1,-1,1,-1,-1,1,0,0,1,1,1,1,1,1,1,0,0,-1,1,1,1,1,-1,-1,1,0,-1,-1,-1,-1,-1,-1,1,0,0,0,0,0,0,-1,1,1,1,0,0,-1,0,0,-1,-1,1,0,0,1,0,0,-1
0,0,0,0,0,0,0,0,0,0,0,0,0,0,0,0,0,0,0,0,0,0,0,0,0,0,0,0,0,0,0,0,0,0,0,0,0,0,0,0,0,0,0,0,0,0,0,0,1,0,0,0,0,0,0,0,0,0,0,0,0,0,0,0,0,0,0,0,0,0,0,0,0,0,0,0,0,0,0,0,0,1,0,0,-0.1
0,0,0,0,0,0,0,0,0,0,0,0,0,0,0,0,0,0,0,0,0,-1,0,0,0,0,0,0,0,0,0,0,0,0,0,0,0,0,0,0,0,0,0,0,0,0,0,0,1,0,0,0,0,0,0,0,0,0,0,0,0,0,0,0,0,0,0,0,0,0,0,0,0,0,0,0,0,0,0,0,0,-1,0,0,-0.11666666666666667
0,0,0,0,0,0,0,0,0,0,0,0,0,0,0,0,0,0,0,0,0,-1,0,0,0,0,0,0,0,0,0,0,0,0,0,0,0,0,0,0,0,0,0,0,0,0,0,0,1,0,0,1,0,0,0,0,0,0,0,0,0,0,0,0,0,0,0,0,0,0,0,0,0,0,0,0,0,0,0,0,0,1,0,0,-0.13333333333333333
0,0,0,0,0,0,0,0,0,0,0,0,0,0,0,0,0,0,0,0,0,-1,0,0,-1,0,0,0,0,0,0,0,0,0,0,0,0,0,0,0,0,0,0,0,0,0,0,0,1,0,0,1,0,0,0,0,0,0,0,0,0,0,0,0,0,0,0,0,0,0,0,0,0,0,0,0,0,0,0,0,0,-1,0,0,-0.15000000000000002
0,0,0,0,0,0,0,0,0,0,0,0,0,0,0,0,0,0,0,0,1,-1,0,0,-1,0,0,0,0,0,0,0,0,0,0,0,0,0,0,0,0,0,0,0,0,0,0,0,1,0,0,1,0,0,0,0,0,0,0,0,0,0,0,0,0,0,0,0,0,0,0,0,0,0,0,0,0,0,0,0,0,1,0,0,-0.16666666666666669
0,0,0,0,0,0,0,0,0,0,0,0,0,0,0,0,0,0,0,0,1,-1,0,0,-1,0,0,0,0,-1,0,0,0,0,0,0,0,0,0,0,0,0,0,0,0,0,0,0,1,0,0,1,0,0,0,0,0,0,0,0,0,0,0,0,0,0,0,0,0,0,0,0,0,0,0,0,0,0,0,0,0,-1,0,0,-0.18333333333333335
0,0,0,0,0,0,0,0,0,0,0,0,0,0,0,0,0,0,0,0,1,-1,0,0,-1,0,0,0,0,-1,1,0,0,0,0,0,0,0,0,0,0,0,0,0,0,0,0,0,1,0,0,1,0,0,0,0,0,0,0,0,0,0,0,0,0,0,0,0,0,0,0,0,0,0,0,0,0,0,0,0,0,1,0,0,-0.2
0,0,0,0,0,0,0,0,0,0,0,0,0,0,0,0,0,0,0,-1,1,-1,0,0,-1,0,0,0,0,-1,1,0,0,0,0,0,0,0,0,0,0,0,0,0,0,0,0,0,1,0,0,1,0,0,0,0,0,0,0,0,0,0,0,0,0,0,0,0,0,0,0,0,0,0,0,0,0,0,0,0,0,-1,0,0,-0.21666666666666667
0,0,0,0,0,0,0,0,0,0,0,1,0,0,0,0,0,0,0,-1,1,-1,0,0,-1,0,0,0,0,-1,1,0,0,0,0,0,0,0,0,0,0,0,0,0,0,0,0,0,1,0,0,1,0,0,0,0,0,0,0,0,0,0,0,0,0,0,0,0,0,0,0,0,0,0,0,0,0,0,0,0,0,1,0,0,-0.23333333333333334
0,0,0,0,0,0,0,0,0,0,0,1,0,0,0,0,0,0,0,-1,1,-1,-1,0,-1,0,0,0,0,-1,1,0,0,0,0,0,0,0,0,0,0,0,0,0,0,0,0,0,1,0,0,1,0,0,0,0,0,0,0,0,0,0,0,0,0,0,0,0,0,0,0,0,0,0,0,0,0,0,0,0,0,-1,0,0,-0.25
0,0,0,0,0,0,0,0,0,0,0,1,0,0,0,0,0,0,0,-1,1,-1,-1,0,-1,0,0,0,0,-1,1,0,0,0,0,0,0,0,1,0,0,0,0,0,0,0,0,0,1,0,0,1,0,0,0,0,0,0,0,0,0,0,0,0,0,0,0,0,0,0,0,0,0,0,0,0,0,0,0,0,0,1,0,0,-0.26666666666666666
0,0,0,0,0,0,0,0,0,0,0,1,0,0,0,0,0,0,0,-1,1,-1,-1,0,-1,0,0,0,-1,-1,1,0,0,0,0,0,0,0,1,0,0,0,0,0,0,0,0,0,1,0,0,1,0,0,0,0,0,0,0,0,0,0,0,0,0,0,0,0,0,0,0,0,0,0,0,0,0,0,0,0,0,-1,0,0,-0.2833333333333333
0,0,0,0,0,0,0,0,0,0,0,1,0,0,0,0,0,0,0,-1,1,-1,-1,0,-1,0,0,0,-1,-1,1,0,0,0,0,0,0,1,1,0,0,0,0,0,0,0,0,0,1,0,0,1,0,0,0,0,0,0,0,0,0,0,0,0,0,0,0,0,0,0,0,0,0,0,0,0,0,0,0,0,0,1,0,0,-0.30000000000000004
0,0,0,0,0,0,0,0,0,0,0,1,0,0,0,0,0,0,0,-1,1,-1,-1,0,-1,0,0,0,-1,-1,1,-1,0,0,0,0,0,1,1,0,0,0,0,0,0,0,0,0,1,0,0,1,0,0,0,0,0,0,0,0,0,0,0,0,0,0,0,0,0,0,0,0,0,0,0,0,0,0,0,0,0,-1,0,0,-0.31666666666666665
0,0,0,0,0,0,0,0,0,0,0,1,0,0,0,0,0,0,0,-1,1,-1,-1,0,-1,0,0,0,-1,-1,1,-1,0,0,0,0,0,1,1,1,0,0,0,0,0,0,0,0,1,0,0,1,0,0,0,0,0,0,0,0,0,0,0,0,0,0,0,0,0,0,0,0,0,0,0,0,0,0,0,0,0,1,0,0,-0.33333333333333337
0,0,0,0,0,0,0,0,0,0,-1,1,0,0,0,0,0,0,0,-1,1,-1,-1,0,-1,0,0,0,-1,-1,1,-1,0,0,0,0,0,1,1,1,0,0,0,0,0,0,0,0,1,0,0,1,0,0,0,0,0,0,0,0,0,0,0,0,0,0,0,0,0,0,0,0,0,0,0,0,0,0,0,0,0,-1,0,0,-0.35
0,0,0,0,0,0,0,0,0,0,-1,1,0,0,0,0,0,0,0,-1,1,-1,-1,0,-1,0,0,0,-1,-1,1,-1,0,1,0,0,0,1,1,1,0,0,0,0,0,0,0,0,1,0,0,1,0,0,0,0,0,0,0,0,0,0,0,0,0,0,0,0,0,0,0,0,0,0,0,0,0,0,0,0,0,1,0,0,-0.3666666666666667
0,0,0,0,0,0,0,0,0,0,-1,1,0,0,0,0,0,0,0,-1,1,-1,-1,0,-1,0,0,0,-1,-1,1,-1,0,1,0,0,0,1,1,1,0,-1,0,0,0,0,0,0,1,0,0,1,0,0,0,0,0,0,0,0,0,0,0,0,0,0,0,0,0,0,0,0,0,0,0,0,0,0,0,0,0,-1,0,0,-0.3833333333333333
0,0,0,0,0,0,0,0,0,0,-1,1,0,0,0,0,0,0,0,-1,1,-1,-1,0,-1,0,0,0,-1,-1,1,-1,0,1,0,0,0,1,1,1,0,-1,1,0,0,0,0,0,1,0,0,1,0,0,0,0,0,0,0,0,0,0,0,0,0,0,0,0,0,0,0,0,0,0,0,0,0,0,0,0,0,1,0,0,-0.4
0,0,0,0,0,0,0,0,0,0,-1,1,0,0,0,0,0,0,0,-1,1,-1,-1,0,-1,0,0,0,-1,-1,1,-1,0,1,0,0,0,1,1,1,0,-1,1,0,0,0,0,0,1,0,-1,1,0,0,0,0,0,0,0,0,0,0,0,0,0,0,0,0,0,0,0,0,0,0,0,0,0,0,0,0,0,-1,0,0,-0.41666666666666663
0,0,0,0,0,0,0,0,0,0,-1,1,0,0,0,0,0,0,0,-1,1,-1,-1,0,-1,0,0,0,-1,-1,1,-1,0,1,0,0,0,1,1,1,0,-1,1,0,0,0,0,0,1,0,-1,1,0,0,0,0,0,0,0,1,0,0,0,0,0,0,0,0,0,0,0,0,0,0,0,0,0,0,0,0,0,1,0,0,-0.43333333333333335
0,0,0,0,0,0,0,0,0,0,-1,1,0,0,0,0,0,0,0,-1,1,-1,-1,0,-1,0,0,0,-1,-1,1,-1,0,1,0,0,0,1,1,1,0,-1,1,0,0,0,0,0,1,0,-1,1,0,0,0,0,0,0,-1,1,0,0,0,0,0,0,0,0,0,0,0,0,0,0,0,0,0,0,0,0,0,-1,0,0,-0.44999999999999996
0,0,0,0,0,0,0,0,0,0,-1,1,0,0,0,0,0,0,0,-1,1,-1,-1,0,-1,0,0,0,-1,-1,1,-1,0,1,0,0,0,1,1,1,0,-1,1,0,0,0,0,0,1,1,-1,1,0,0,0,0,0,0,-1,1,0,0,0,0,0,0,0,0,0,0,0,0,0,0,0,0,0,0,0,0,0,1,0,0,-0.4666666666666667
0,0,0,0,0,0,0,0,0,0,-1,1,0,0,0,0,0,0,0,-1,1,-1,-1,0,-1,0,0,0,-1,-1,1,-1,0,1,0,0,0,1,1,1,0,-1,1,0,0,0,0,0,1,1,-1,1,0,0,0,0,0,0,-1,1,-1,0,0,0,0,0,0,0,0,0,0,0,0,0,0,0,0,0,0,0,0,-1,0,0,-0.4833333333333334
0,0,0,0,0,0,0,0,0,0,-1,1,0,0,0,0,0,0,0,-1,1,-1,-1,0,-1,0,0,0,-1,-1,1,-1,0,1,0,0,0,1,1,1,0,-1,1,0,0,0,0,0,1,1,-1,1,0,0,0,0,0,0,-1,1,-1,0,0,0,0,0,0,0,1,0,0,0,0,0,0,0,0,0,0,0,0,1,0,0,-0.5
0,0,0,0,0,0,0,0,0,0,-1,1,0,0,0,0,0,0,0,-1,1,-1,-1,0,-1,0,0,0,-1,-1,1,-1,0,1,0,0,0,1,1,1,0,-1,1,0,0,0,0,0,1,1,-1,1,0,0,0,0,0,0,-1,1,-1,0,0,0,0,0,0,-1,1,0,0,0,0,0,0,0,0,0,0,0,0,-1,0,0,-0.5166666666666667
0,0,0,0,0,0,0,0,0,0,-1,1,0,0,0,0,0,0,0,-1,1,-1,-1,0,-1,0,0,0,-1,-1,1,-1,0,1,0,0,0,1,1,1,0,-1,1,0,0,0,0,0,1,1,-1,1,0,0,0,0,0,0,-1,1,-1,0,0,0,0,0,0,-1,1,1,0,0,0,0,0,0,0,0,0,0,0,1,0,0,-0.5333333333333333
0,0,0,0,0,0,0,0,0,0,-1,1,0,0,0,0,0,0,0,-1,1,-1,-1,0,-1,0,0,0,-1,-1,1,-1,0,1,0,0,0,1,1,1,0,-1,1,0,0,0,0,0,1,1,-1,1,0,0,0,0,-1,0,-1,1,-1,0,0,0,0,0,0,-1,1,1,0,0,0,0,0,0,0,0,0,0,0,-1,0,0,-0.55
0,0,0,0,0,0,0,0,0,0,-1,1,0,0,0,0,0,0,0,-1,1,-1,-1,0,-1,0,0,0,-1,-1,1,-1,0,1,0,0,0,1,1,1,0,-1,1,0,0,0,0,0,1,1,-1,1,0,0,0,0,-1,0,-1,1,-1,0,0,0,1,0,0,-1,1,1,0,0,0,0,0,0,0,0,0,0,0,1,0,0,-0.5666666666666667
0,0,0,0,0,0,0,0,0,0,-1,1,0,0,0,0,0,0,0,-1,1,-1,-1,0,-1,0,0,0,-1,-1,1,-1,0,1,0,0,0,1,1,1,0,-1,1,0,0,0,-1,0,1,1,-1,1,0,0,0,0,-1,0,-1,1,-1,0,0,0,1,0,0,-1,1,1,0,0,0,0,0,0,0,0,0,0,0,-1,0,0,-0.5833333333333334
0,0,0,0,0,0,0,0,0,0,-1,1,0,0,0,0,0,0,0,-1,1,-1,-1,0,-1,0,0,0,-1,-1,1,-1,0,1,0,0,0,1,1,1,0,-1,1,0,0,1,-1,0,1,1,-1,1,0,0,0,0,-1,0,-1,1,-1,0,0,0,1,0,0,-1,1,1,0,0,0,0,0,0,0,0,0,0,0,1,0,0,-0.6
0,0,0,0,0,0,0,0,0,0,-1,1,0,0,0,0,0,0,0,-1,1,-1,-1,0,-1,0,0,0,-1,-1,1,-1,0,1,0,0,0,1,1,1,0,-1,1,0,0,1,-1,0,1,1,-1,1,0,0,-1,0,-1,0,-1,1,-1,0,0,0,1,0,0,-1,1,1,0,0,0,0,0,0,0,0,0,0,0,-1,0,0,-0.6166666666666667
0,0,0,0,0,0,0,0,0,0,-1,1,0,0,0,0,0,0,0,-1,1,-1,-1,0,-1,0,0,0,-1,-1,1,-1,0,1,0,0,1,1,1,1,0,-1,1,0,0,1,-1,0,1,1,-1,1,0,0,-1,0,-1,0,-1,1,-1,0,0,0,1,0,0,-1,1,1,0,0,0,0,0,0,0,0,0,0,0,1,0,0,-0.6333333333333333
0,0,0,0,0,0,0,0,0,0,-1,1,0,0,0,0,0,0,0,-1,1,-1,-1,0,-1,0,0,0,-1,-1,1,-1,0,1,0,0,1,1,1,1,0,-1,1,0,0,1,-1,0,1,1,-1,1,0,0,-1,0,-1,0,-1,1,-1,0,0,0,1,-1,0,-1,1,1,0,0,0,0,0,0,0,0,0,0,0,-1,0,0,-0.65
0,0,0,0,0,0,0,0,0,0,-1,1,0,0,0,0,0,0,0,-1,1,-1,-1,0,-1,0,0,0,-1,-1,1,-1,0,1,0,0,1,1,1,1,0,-1,1,0,0,1,-1,0,1,1,-1,1,0,0,-1,1,-1,0,-1,1,-1,0,0,0,1,-1,0,-1,1,1,0,0,0,0,0,0,0,0,0,0,0,1,0,0,-0.6666666666666666
0,0,0,0,0,0,0,0,0,0,-1,1,0,0,0,0,0,0,0,-1,1,-1,-1,0,-1,0,0,0,-1,-1,1,-1,0,1,0,0,1,1,1,1,0,-1,1,0,0,1,-1,-1,1,1,-1,1,0,0,-1,1,-1,0,-1,1,-1,0,0,0,1,-1,0,-1,1,1,0,0,0,0,0,0,0,0,0,0,0,-1,0,0,-0.6833333333333333
0,0,0,0,0,0,0,0,0,0,-1,1,0,0,0,0,0,0,0,-1,1,-1,-1,0,-1,0,0,0,-1,-1,1,-1,0,1,0,0,1,1,1,1,0,-1,1,0,0,1,-1,-1,1,1,-1,1,0,0,-1,1,-1,0,-1,1,-1,0,0,0,1,-1,0,-1,1,1,0,0,0,0,0,0,1,0,0,0,0,1,0,0,-0.7
0,0,0,0,0,0,0,0,0,0,-1,1,0,0,0,0,0,0,0,-1,1,-1,-1,0,-1,0,0,0,-1,-1,1,-1,0,1,0,0,1,1,1,1,0,-1,1,0,0,1,-1,-1,1,1,-1,1,0,0,-1,1,-1,0,-1,1,-1,0,0,0,1,-1,0,-1,1,1,0,0,0,-1,0,0,1,0,0,0,0,-1,0,0,-0.7166666666666667
0,0,0,0,0,0,0,0,0,0,-1,1,0,0,0,0,0,0,0,-1,1,-1,-1,0,-1,0,0,0,-1,-1,1,-1,0,1,0,0,1,1,1,1,0,-1,1,0,0,1,-1,-1,1,1,-1,1,0,0,0,1,-1,0,-1,1,-1,0,0,1,1,-1,0,-1,1,1,0,0,0,-1,0,0,1,0,0,0,0,1,0,0,-0.7333333333333333
0,0,0,0,0,0,0,0,0,0,-1,1,0,0,0,0,0,0,0,-1,1,-1,-1,0,-1,0,0,0,-1,-1,1,-1,0,1,0,0,1,1,1,1,0,-1,1,0,0,1,-1,-1,1,1,-1,1,0,0,0,1,-1,0,-1,1,-1,0,0,1,1,-1,-1,-1,1,1,0,0,0,-1,0,0,1,0,0,0,0,-1,0,0,-0.75
0,0,0,0,0,0,0,0,0,0,-1,1,0,0,0,0,0,0,0,-1,1,-1,-1,0,-1,0,0,0,-1,-1,1,-1,0,1,0,0,1,1,1,1,0,-1,1,0,0,1,-1,-1,1,1,-1,1,0,0,0,1,-1,0,-1,1,-1,0,0,1,1,-1,-1,-1,1,1,0,0,0,-1,0,0,1,1,0,0,0,1,0,0,-0.7666666666666666
0,0,0,0,0,0,0,0,0,0,-1,1,0,0,0,0,0,0,0,-1,1,-1,-1,0,-1,0,0,0,-1,-1,1,-1,0,1,0,0,1,1,1,1,0,-1,1,0,0,1,-1,-1,1,1,-1,1,0,0,0,1,-1,0,-1,1,-1,-1,0,1,1,-1,-1,-1,1,1,0,0,0,-1,0,0,1,1,0,0,0,-1,0,0,-0.7833333333333333
0,0,0,0,0,0,0,0,0,0,-1,1,0,0,0,0,0,0,0,-1,1,-1,-1,0,-1,0,0,0,-1,-1,1,-1,0,1,0,0,1,1,1,1,0,-1,1,0,0,1,-1,-1,1,1,-1,1,0,0,0,1,-1,0,-1,1,-1,-1,0,1,1,-1,-1,-1,1,1,1,0,0,-1,0,0,1,1,0,0,0,1,0,0,-0.7999999999999999
0,0,0,0,0,0,0,0,0,0,-1,1,0,0,0,0,0,0,0,-1,1,-1,-1,0,-1,0,0,-1,-1,-1,1,-1,0,1,0,0,1,1,1,1,0,-1,1,0,0,1,-1,-1,1,1,-1,1,0,0,0,1,-1,0,-1,1,-1,-1,0,1,1,-1,-1,-1,1,1,1,0,0,-1,0,0,1,1,0,0,0,-1,0,0,-0.8166666666666667
0,0,0,0,0,0,0,0,0,0,-1,1,0,0,0,0,0,0,0,-1,1,-1,-1,0,-1,0,0,-1,-1,-1,1,-1,0,1,0,0,1,1,1,1,0,-1,1,0,0,1,-1,-1,1,1,-1,1,0,0,0,1,-1,0,-1,1,-1,-1,0,1,1,-1,-1,-1,1,1,1,0,0,-1,0,1,1,1,0,0,0,1,0,0,-0.8333333333333333
0,0,0,0,0,0,0,0,0,0,-1,1,0,0,0,0,0,0,0,-1,1,-1,-1,0,-1,0,0,-1,-1,-1,1,-1,0,1,0,0,1,1,1,1,0,-1,1,0,0,1,-1,-1,1,1,-1,1,0,0,0,1,-1,0,-1,1,-1,-1,0,1,1,-1,-1,-1,1,1,1,0,0,-1,-1,1,1,1,0,0,0,-1,0,0,-0.85
0,0,0,0,0,0,0,0,0,0,-1,1,0,0,0,0,0,0,0,-1,1,-1,-1,0,-1,0,0,-1,-1,-1,1,-1,0,1,0,0,1,1,1,1,0,-1,1,0,0,1,-1,-1,1,1,-1,1,0,0,0,1,-1,1,-1,1,-1,-1,0,1,1,-1,-1,-1,1,1,1,0,0,-1,-1,1,1,1,0,0,0,1,0,0,-0.8666666666666667
0,0,0,0,0,0,0,0,0,0,-1,1,0,0,0,0,0,0,0,-1,1,-1,-1,0,-1,-1,0,-1,-1,-1,1,-1,0,1,0,0,1,1,1,1,0,-1,1,0,0,1,-1,-1,1,1,-1,1,0,0,0,1,-1,1,-1,1,-1,-1,0,1,1,-1,-1,-1,1,1,1,0,0,-1,-1,1,1,1,0,0,0,-1,0,0,-0.8833333333333333
0,0,0,0,0,0,0,0,0,0,-1,1,0,0,0,0,0,0,0,-1,1,-1,-1,0,-1,-1,0,-1,-1,-1,1,-1,0,1,0,0,1,1,1,1,0,-1,1,0,0,1,-1,-1,1,1,-1,1,1,0,0,1,-1,1,-1,1,-1,-1,0,1,1,-1,-1,-1,1,1,1,0,0,-1,-1,1,1,1,0,0,0,1,0,0,-0.9
0,0,0,0,0,0,0,0,0,0,-1,1,0,0,0,0,0,0,0,-1,1,-1,-1,0,-1,-1,0,-1,-1,-1,1,-1,0,1,-1,0,1,1,1,1,0,-1,1,0,0,1,-1,-1,1,1,-1,1,1,0,0,1,-1,1,-1,1,-1,-1,0,1,1,-1,-1,-1,1,1,1,0,0,-1,-1,1,1,1,0,0,0,-1,0,0,-0.9166666666666666
0,0,0,0,0,0,0,0,0,0,-1,1,0,0,0,0,0,0,0,-1,1,-1,-1,0,-1,-1,0,-1,-1,-1,1,-1,0,1,-1,0,1,1,1,1,0,-1,1,1,0,1,-1,-1,1,1,-1,1,1,0,0,1,-1,1,-1,1,-1,-1,0,1,1,-1,-1,-1,1,1,1,0,0,-1,-1,1,1,1,0,0,0,1,0,0,-0.9333333333333333
0,0,0,0,0,0,0,0,0,0,-1,1,0,0,0,0,0,0,0,-1,1,-1,-1,0,-1,-1,0,-1,-1,-1,1,-1,-1,1,-1,0,1,1,1,1,0,-1,1,1,0,1,-1,-1,1,1,-1,1,1,0,0,1,-1,1,-1,1,-1,-1,0,1,1,-1,-1,-1,1,1,1,0,0,-1,-1,1,1,1,0,0,0,-1,0,0,-0.95
0,0,0,0,0,0,0,0,0,0,-1,1,0,0,0,0,0,0,0,-1,1,-1,-1,0,-1,-1,0,-1,-1,-1,1,-1,-1,1,-1,0,1,1,1,1,0,-1,1,1,0,1,-1,-1,1,1,-1,1,1,0,0,1,-1,1,-1,1,0,0,1,1,1,-1,-1,-1,1,1,1,0,0,-1,-1,1,1,1,0,0,0,1,0,0,-0.9666666666666667
0,0,0,0,0,0,0,0,0,0,-1,1,0,0,0,0,0,0,0,-1,1,-1,-1,0,-1,-1,0,-1,-1,-1,1,-1,-1,1,-1,0,1,1,1,1,0,-1,1,1,-1,1,-1,-1,1,1,-1,1,1,0,0,1,-1,1,-1,1,0,0,1,1,1,-1,-1,-1,1,1,1,0,0,-1,-1,1,1,1,0,0,0,-1,0,0,-0.9833333333333333
0,0,0,0,0,0,0,0,0,0,-1,1,0,0,0,0,0,0,0,-1,1,-1,-1,0,-1,-1,0,-1,-1,-1,1,-1,-1,1,-1,0,1,1,1,1,0,-1,1,1,-1,1,-1,-1,1,1,-1,1,1,1,0,1,-1,1,-1,1,0,0,1,1,1,-1,-1,-1,1,1,1,0,0,-1,-1,1,1,1,0,0,0,1,0,0,-1
0,0,0,0,0,0,0,0,0,0,-1,1,0,0,0,0,0,0,0,-1,1,-1,-1,0,-1,-1,0,-1,-1,-1,1,-1,-1,1,-1,-1,1,1,1,1,0,-1,1,1,-1,1,-1,-1,1,1,-1,1,1,1,0,1,-1,1,-1,1,0,0,1,1,1,-1,-1,-1,1,1,1,0,0,-1,-1,1,1,1,0,0,0,-1,0,0,-1
0,0,0,0,0,0,0,0,0,0,-1,1,0,0,0,0,0,0,0,-1,1,-1,-1,0,-1,-1,0,-1,-1,-1,1,-1,-1,1,-1,-1,1,1,1,1,0,-1,1,1,-1,1,0,0,1,1,-1,1,1,1,0,1,0,1,0,1,0,0,1,1,1,0,0,0,1,1,1,0,1,0,0,1,1,1,0,0,0,1,0,0,-1
0,0,0,0,0,0,0,0,0,0,-1,1,0,0,0,0,0,0,0,-1,1,-1,-1,0,-1,-1,0,-1,-1,-1,1,-1,-1,1,-1,-1,1,1,1,1,-1,-1,1,1,-1,1,0,0,1,1,-1,1,1,1,0,1,0,1,0,1,0,0,1,1,1,0,0,0,1,1,1,0,1,0,0,1,1,1,0,0,0,-1,0,0,-1
0,0,0,0,0,0,0,0,0,0,0,0,0,0,0,0,0,0,0,0,0,0,0,0,0,0,0,0,0,0,0,0,0,0,0,0,0,0,0,0,1,0,0,0,0,0,0,0,0,0,0,0,0,0,0,0,0,0,0,0,0,0,0,0,0,0,0,0,0,0,0,0,0,0,0,0,0,0,0,0,0,1,0,0,0.0
0,0,0,0,0,0,0,0,0,0,0,0,0,0,0,0,0,0,0,0,0,0,0,0,0,0,0,0,0,0,0,0,0,0,0,0,0,0,0,0,1,0,0,0,0,0,0,0,0,-1,0,0,0,0,0,0,0,0,0,0,0,0,0,0,0,0,0,0,0,0,0,0,0,0,0,0,0,0,0,0,0,-1,0,0,0.0
0,0,0,0,0,0,0,0,0,0,0,0,0,0,0,0,0,0,0,0,0,0,0,0,0,0,0,0,0,0,0,0,0,0,0,0,0,0,0,0,1,0,0,0,0,0,0,0,1,-1,0,0,0,0,0,0,0,0,0,0,0,0,0,0,0,0,0,0,0,0,0,0,0,0,0,0,0,0,0,0,0,1,0,0,0.0
0,0,0,0,0,0,0,0,0,0,0,0,0,0,0,0,0,0,0,0,0,0,0,0,0,0,0,0,0,0,0,0,0,0,0,0,0,0,0,-1,1,0,0,0,0,0,0,0,1,-1,0,0,0,0,0,0,0,0,0,0,0,0,0,0,0,0,0,0,0,0,0,0,0,0,0,0,0,0,0,0,0,-1,0,0,0.0
0,0,0,0,0,0,0,0,0,0,0,0,0,0,0,0,0,0,0,0,0,0,0,0,0,0,0,0,0,0,0,0,0,0,0,0,0,0,0,-1,1,1,0,0,0,0,0,0,1,-1,0,0,0,0,0,0,0,0,0,0,0,0,0,0,0,0,0,0,0,0,0,0,0,0,0,0,0,0,0,0,0,1,0,0,0.0
0,0,0,0,0,0,0,0,0,0,0,0,0,0,0,0,0,0,0,0,0,0,0,0,0,0,0,0,0,0,0,0,0,0,0,0,0,0,0,-1,1,1,0,0,0,0,0,0,1,-1,0,0,0,0,0,0,0,0,-1,0,0,0,0,0,0,0,0,0,0,0,0,0,0,0,0,0,0,0,0,0,0,-1,0,0,0.0
0,0,0,0,0,0,0,0,0,0,0,0,0,0,0,0,0,0,0,0,0,0,0,0,0,0,0,0,0,0,0,0,0,0,0,0,0,0,1,-1,1,1,0,0,0,0,0,0,1,-1,0,0,0,0,0,0,0,0,-1,0,0,0,0,0,0,0,0,0,0,0,0,0,0,0,0,0,0,0,0,0,0,1,0,0,0.0
0,0,0,0,0,0,0,0,0,0,0,0,0,0,0,0,0,0,0,0,0,0,0,0,0,0,0,0,0,0,-1,0,0,0,0,0,0,0,1,-1,1,1,0,0,0,0,0,0,1,-1,0,0,0,0,0,0,0,0,-1,0,0,0,0,0,0,0,0,0,0,0,0,0,0,0,0,0,0,0,0,0,0,-1,0,0,0.0
0,0,0,0,0,0,0,0,0,0,0,0,0,0,0,0,0,0,0,0,0,0,0,0,0,0,0,0,0,0,-1,0,0,0,0,0,0,0,1,-1,1,1,0,0,0,0,0,0,1,-1,0,0,0,0,0,0,0,1,-1,0,0,0,0,0,0,0,0,0,0,0,0,0,0,0,0,0,0,0,0,0,0,1,0,0,0.0
0,0,0,0,0,0,0,0,0,0,0,0,0,0,0,0,0,0,0,0,0,0,0,0,0,0,0,0,0,-1,-1,0,0,0,0,0,0,0,1,-1,1,1,0,0,0,0,0,0,1,-1,0,0,0,0,0,0,0,1,-1,0,0,0,0,0,0,0,0,0,0,0,0,0,0,0,0,0,0,0,0,0,0,-1,0,0,0.0
0,0,0,0,0,0,0,0,0,0,0,0,0,0,0,0,0,0,0,0,0,0,0,0,0,0,0,0,0,-1,-1,0,0,0,0,0,0,0,1,-1,1,1,0,0,0,0,0,0,1,-1,0,0,0,0,0,0,0,1,-1,0,0,0,0,0,0,0,0,1,0,0,0,0,0,0,0,0,0,0,0,0,0,1,0,0,0.0
0,0,0,0,0,0,0,0,0,0,0,0,0,0,0,0,0,0,0,0,0,0,0,0,0,0,0,0,0,-1,-1,0,0,0,0,0,0,0,1,-1,1,1,0,0,0,0,0,0,1,-1,0,0,0,0,0,0,0,1,-1,-1,0,0,0,0,0,0,0,1,0,0,0,0,0,0,0,0,0,0,0,0,0,-1,0,0,0.0
0,0,0,0,0,0,0,0,0,0,0,0,0,0,0,0,0,0,0,0,0,0,0,0,0,0,0,0,0,-1,-1,0,0,0,0,0,0,0,1,-1,1,1,0,0,0,0,0,0,1,-1,0,0,0,0,0,0,0,1,-1,-1,0,0,0,0,0,0,0,1,1,0,0,0,0,0,0,0,0,0,0,0,0,1,0,0,0.0
0,0,0,0,0,0,0,0,0,0,0,0,0,0,0,0,0,0,0,0,0,0,0,0,0,0,0,0,0,-1,-1,0,0,0,0,0,0,0,1,-1,1,1,0,0,0,0,0,0,1,-1,0,0,0,0,0,0,0,1,-1,-1,-1,0,0,0,0,0,0,1,1,0,0,0,0,0,0,0,0,0,0,0,0,-1,0,0,0.0
0,0,0,0,0,0,0,0,0,0,0,0,0,0,0,0,0,0,0,0,0,0,0,0,0,0,0,0,0,-1,-1,0,0,0,0,0,0,0,1,-1,1,1,0,0,0,0,0,0,1,-1,0,0,0,0,0,0,0,1,-1,-1,-1,0,0,0,0,0,0,1,1,1,0,0,0,0,0,0,0,0,0,0,0,1,0,0,0.0
0,0,0,0,0,0,0,0,0,0,0,0,0,0,0,0,0,0,0,0,0,0,0,0,0,0,0,0,0,-1,-1,0,0,-1,0,0,0,0,1,-1,1,1,0,0,0,0,0,0,1,-1,0,0,0,0,0,0,0,1,-1,-1,-1,0,0,0,0,0,0,1,1,1,0,0,0,0,0,0,0,0,0,0,0,-1,0,0,0.0
0,0,0,0,0,0,0,0,0,0,0,0,0,0,0,0,0,0,0,0,0,0,0,0,0,0,0,0,0,-1,-1,0,0,-1,0,0,0,0,1,-1,1,1,1,0,0,0,0,0,1,-1,0,0,0,0,0,0,0,1,-1,-1,-1,0,0,0,0,0,0,1,1,1,0,0,0,0,0,0,0,0,0,0,0,1,0,0,0.0
0,0,0,0,0,0,0,0,0,0,0,0,0,0,0,0,0,0,0,0,0,0,0,-1,0,0,0,0,0,-1,-1,0,0,-1,0,0,0,0,1,-1,1,1,1,0,0,0,0,0,1,-1,0,0,0,0,0,0,0,1,-1,-1,-1,0,0,0,0,0,0,1,1,1,0,0,0,0,0,0,0,0,0,0,0,-1,0,0,0.0
0,0,0,0,0,0,0,0,0,0,0,0,0,0,0,0,0,0,0,0,0,0,0,-1,0,0,0,0,0,-1,-1,0,0,-1,0,0,0,0,1,-1,1,1,1,0,0,0,1,0,1,-1,0,0,0,0,0,0,0,1,-1,-1,-1,0,0,0,0,0,0,1,1,1,0,0,0,0,0,0,0,0,0,0,0,1,0,0,0.0
0,0,0,0,0,0,0,0,0,0,0,0,0,0,0,0,0,0,0,0,0,0,0,-1,0,0,0,0,0,-1,-1,0,0,-1,0,0,0,-1,1,-1,1,1,1,0,0,0,1,0,1,-1,0,0,0,0,0,0,0,1,-1,-1,-1,0,0,0,0,0,0,1,1,1,0,0,0,0,0,0,0,0,0,0,0,-1,0,0,0.0
0,0,0,0,0,0,0,0,0,0,0,0,0,0,0,0,0,0,0,0,0,0,0,-1,0,0,0,0,0,-1,-1,0,0,-1,0,0,0,-1,1,-1,1,1,1,0,0,0,1,1,1,-1,0,0,0,0,0,0,0,1,-1,-1,-1,0,0,0,0,0,0,1,1,1,0,0,0,0,0,0,0,0,0,0,0,1,0,0,0.0
0,0,0,0,0,0,0,0,0,0,0,0,0,0,0,0,0,0,0,0,0,0,0,-1,0,0,0,0,0,-1,-1,0,0,-1,-1,0,0,-1,1,-1,1,1,1,0,0,0,1,1,1,-1,0,0,0,0,0,0,0,1,-1,-1,-1,0,0,0,0,0,0,1,1,1,0,0,0,0,0,0,0,0,0,0,0,-1,0,0,0.0
0,0,0,0,0,0,0,0,0,0,0,0,0,0,0,0,0,0,0,0,0,0,0,-1,0,0,0,0,0,-1,-1,0,0,-1,-1,0,0,-1,1,-1,1,1,1,1,0,0,1,1,1,-1,0,0,0,0,0,0,0,1,-1,-1,-1,0,0,0,0,0,0,1,1,1,0,0,0,0,0,0,0,0,0,0,0,1,0,0,0.0
0,0,0,0,0,0,0,0,0,0,0,0,0,0,0,0,0,0,0,0,0,0,0,-1,0,0,0,0,0,-1,-1,0,0,-1,-1,0,0,-1,1,-1,1,1,1,1,0,0,1,1,1,-1,0,0,0,0,0,0,0,1,-1,-1,-1,0,0,0,0,0,0,1,1,1,-1,0,0,0,0,0,0,0,0,0,0,-1,0,0,0.0
0,0,0,0,0,0,0,0,0,0,0,0,0,0,0,0,0,0,0,0,0,0,0,-1,0,0,0,0,0,-1,-1,0,0,-1,-1,1,0,-1,1,-1,1,1,1,1,0,0,1,1,1,-1,0,0,0,0,0,0,0,1,-1,-1,-1,0,0,0,0,0,0,1,1,1,-1,0,0,0,0,0,0,0,0,0,0,1,0,0,0.0
0,0,0,0,0,0,0,0,0,0,0,0,0,0,0,0,0,0,0,0,0,0,0,-1,0,-1,0,0,0,-1,-1,0,0,-1,-1,1,0,-1,1,-1,1,1,1,1,0,0,1,1,1,-1,0,0,0,0,0,0,0,1,-1,-1,-1,0,0,0,0,0,0,1,1,1,-1,0,0,0,0,0,0,0,0,0,0,-1,0,0,0.0
0,0,0,0,0,0,0,0,0,0,0,0,0,0,0,0,0,0,0,0,0,0,0,-1,0,-1,0,0,0,-1,-1,0,0,-1,-1,1,0,-1,1,-1,1,1,1,1,0,0,1,1,1,-1,0,0,0,0,0,0,0,1,-1,-1,-1,1,0,0,0,0,0,1,1,1,-1,0,0,0,0,0,0,0,0,0,0,1,0,0,0.0
0,0,0,0,0,0,0,0,0,0,0,0,0,0,0,0,0,0,0,0,0,0,0,-1,0,-1,0,0,0,-1,-1,0,0,-1,-1,1,0,-1,1,-1,1,1,1,1,0,0,1,1,1,-1,0,0,-1,0,0,0,0,1,-1,-1,-1,1,0,0,0,0,0,1,1,1,-1,0,0,0,0,0,0,0,0,0,0,-1,0,0,0.0
0,0,0,0,0,0,0,0,0,0,0,0,0,0,0,0,0,0,0,0,0,0,0,-1,0,-1,0,0,0,-1,-1,0,0,-1,-1,1,0,-1,1,-1,1,1,1,1,0,0,1,1,1,-1,0,0,-1,0,0,0,0,1,-1,-1,-1,1,1,0,0,0,0,1,1,1,-1,0,0,0,0,0,0,0,0,0,0,1,0,0,0.0
0,0,0,0,0,0,0,0,0,0,0,0,0,0,0,0,0,0,0,0,0,0,0,-1,0,-1,0,0,0,-1,-1,0,0,-1,-1,1,0,-1,1,-1,1,1,1,1,0,0,1,1,1,-1,0,0,-1,0,0,0,0,1,-1,-1,-1,1,1,0,0,0,0,1,1,1,-1,-1,0,0,0,0,0,0,0,0,0,-1,0,0,0.0
0,0,0,0,0,0,0,0,0,0,0,0,0,0,0,0,0,0,0,0,0,0,0,-1,0,-1,0,0,0,-1,-1,0,0,-1,-1,1,0,-1,1,-1,1,1,1,1,0,0,1,1,1,-1,0,1,-1,0,0,0,0,1,-1,-1,-1,1,1,0,0,0,0,1,1,1,-1,-1,0,0,0,0,0,0,0,0,0,1,0,0,0.0
0,0,0,0,0,0,0,0,0,0,0,0,0,0,0,0,0,0,0,0,0,0,0,-1,0,-1,0,0,0,-1,-1,0,0,-1,-1,1,-1,-1,1,-1,1,1,1,1,0,0,1,1,1,-1,0,1,-1,0,0,0,0,1,-1,-1,-1,1,1,0,0,0,0,1,1,1,-1,-1,0,0,0,0,0,0,0,0,0,-1,0,0,0.0
0,0,0,0,0,0,0,0,0,0,0,0,0,0,0,0,0,0,0,0,0,0,0,-1,0,-1,0,0,0,-1,-1,0,0,-1,-1,1,-1,-1,1,-1,1,1,1,1,0,1,1,1,1,-1,0,1,-1,0,0,0,0,1,-1,-1,-1,1,1,0,0,0,0,1,1,1,-1,-1,0,0,0,0,0,0,0,0,0,1,0,0,0.0
0,0,0,0,0,0,0,0,0,0,0,0,0,0,0,0,0,0,0,0,0,0,0,-1,0,-1,0,0,0,-1,-1,0,0,-1,-1,1,-1,-1,1,-1,1,1,1,1,0,1,1,1,1,-1,0,1,-1,-1,0,0,0,1,-1,-1,-1,0,0,0,0,0,0,1,1,1,-1,-1,0,0,0,0,0,0,0,0,0,-1,0,0,0.0
0,0,0,0,0,0,0,0,0,0,0,0,0,0,0,0,0,0,0,0,0,0,0,-1,0,-1,0,0,0,-1,-1,0,0,-1,-1,1,-1,-1,1,-1,1,1,1,1,0,1,1,1,1,-1,0,1,-1,-1,0,0,0,1,-1,-1,-1,1,0,0,0,0,0,1,1,1,-1,-1,0,0,0,0,0,0,0,0,0,1,0,0,0.0
0,0,0,0,0,0,0,0,0,0,0,0,0,0,0,0,0,0,0,0,0,0,0,-1,0,-1,-1,0,0,-1,-1,0,0,-1,-1,1,-1,-1,1,-1,1,1,1,1,0,1,1,1,1,-1,0,1,-1,-1,0,0,0,1,-1,-1,-1,1,0,0,0,0,0,1,1,1,-1,-1,0,0,0,0,0,0,0,0,0,-1,0,0,0.0
0,0,0,0,0,0,0,0,0,0,0,0,0,0,0,0,0,0,0,0,0,0,0,-1,0,-1,-1,0,0,-1,-1,0,0,-1,-1,1,-1,-1,1,-1,1,1,1,1,1,1,1,1,1,-1,0,1,-1,-1,0,0,0,1,-1,-1,-1,1,0,0,0,0,0,1,1,1,-1,-1,0,0,0,0,0,0,0,0,0,1,0,0,0.0
0,0,0,0,0,0,0,0,0,0,0,0,0,0,0,0,0,0,0,0,0,0,0,-1,0,-1,-1,0,0,-1,-1,0,0,-1,-1,1,-1,-1,1,-1,1,1,1,1,1,1,1,1,1,-1,0,1,-1,-1,0,0,0,1,-1,-1,-1,0,-1,0,0,0,0,1,1,1,-1,-1,0,0,0,0,0,0,0,0,0,-1,0,0,0.0
0,0,0,0,0,0,0,0,0,0,0,0,0,0,0,0,0,0,0,0,0,0,0,-1,0,-1,-1,0,0,-1,-1,0,0,-1,-1,1,-1,-1,1,-1,1,1,1,1,1,1,1,1,1,-1,1,1,-1,-1,0,0,0,1,-1,-1,-1,0,-1,0,0,0,0,1,1,1,-1,-1,0,0,0,0,0,0,0,0,0,1,0,0,0.0
0,0,0,0,0,0,0,0,0,0,0,0,0,0,0,0,0,0,0,0,0,0,0,-1,0,-1,-1,0,0,-1,-1,0,0,-1,-1,1,-1,-1,1,-1,1,1,1,1,1,1,1,1,1,-1,1,1,-1,-1,0,0,0,1,-1,-1,-1,-1,-1,0,0,0,0,1,1,1,-1,-1,0,0,0,0,0,0,0,0,0,-1,0,0,0.0
0,0,0,0,0,0,0,0,0,0,0,0,0,0,0,0,0,0,0,0,0,0,0,-1,0,-1,-1,0,0,-1,-1,0,0,-1,-1,1,-1,-1,1,-1,1,1,1,1,1,1,1,1,1,-1,1,1,-1,-1,0,0,0,1,-1,-1,-1,-1,-1,0,0,0,0,1,1,1,-1,-1,0,0,0,0,0,0,0,1,0,1,0,0,0.0
0,0,0,0,0,0,0,0,0,0,0,0,0,0,0,0,0,0,0,0,0,0,0,-1,0,-1,-1,0,0,-1,-1,-1,0,-1,-1,1,-1,-1,1,-1,1,1,1,1,1,1,1,1,1,-1,1,1,-1,-1,0,0,0,1,-1,-1,-1,-1,-1,0,0,0,0,1,1,1,-1,-1,0,0,0,0,0,0,0,1,0,-1,0,0,0.0
0,0,0,0,0,0,0,0,0,0,0,0,0,0,0,0,0,0,0,0,0,0,0,-1,0,-1,-1,0,0,-1,-1,-1,0,-1,-1,1,-1,-1,1,-1,1,1,1,1,1,1,1,1,1,0,1,1,0,0,0,0,0,1,0,0,0,0,0,0,0,0,0,1,1,1,0,0,0,0,0,0,0,0,0,1,1,1,0,0,0.0
0,0,0,0,0,0,0,0,0,0,0,0,0,0,0,0,0,0,0,0,0,0,0,-1,0,-1,-1,0,-1,-1,-1,-1,0,-1,-1,1,-1,-1,1,-1,1,1,1,1,1,1,1,1,1,0,1,1,0,0,0,0,0,1,0,0,0,0,0,0,0,0,0,1,1,1,0,0,0,0,0,0,0,0,0,1,1,-1,0,0,0.0
0,0,0,0,0,0,0,0,0,0,0,0,0,0,0,0,0,0,0,0,0,0,0,-1,0,-1,-1,0,-1,-1,-1,-1,1,-1,-1,1,-1,-1,1,-1,1,1,1,1,1,1,1,1,1,0,1,1,0,0,0,0,0,1,0,0,0,0,0,0,0,0,0,1,1,1,0,0,0,0,0,0,0,0,0,1,1,1,0,0,0
0,0,0,0,0,0,0,0,0,0,0,0,0,-1,0,0,0,0,0,0,0,0,0,-1,0,-1,-1,0,-1,-1,-1,-1,1,-1,-1,1,-1,-1,1,-1,1,1,1,1,1,1,1,1,1,0,1,1,0,0,0,0,0,1,0,0,0,0,0,0,0,0,0,1,1,1,0,0,0,0,0,0,0,0,0,1,1,-1,0,0,0
